name,lat,lon
Mělnická vyhlídka,50.388,14.2923
Malý Rabštýn,49.7229,17.4518
Vysoký kámen,50.3006,12.4081
Křížový kámen,50.8841,14.2802
Horní vyhlídka Edmundova kamene,50.8852,14.2808
Krásná Máří,50.8524,15.182
Tolštejn,50.8569,14.5817
Komáří hůrka,50.7066,13.8564
Ptačí kámen,50.8589,14.3339
Vilemínina stěna,50.8632,14.4039
Rozhledna Kraví Hora,48.9285,16.847
Rozhledna Blatenský vrch,50.4002,12.7817
rozhledna Koráb,49.3954,13.0753
svatý Jan Nepomucký,49.7467,14.3641
Hrádek,49.4312,12.8622
Drážďanská vyhlídka,50.7948,14.0981
Jezerní slať,49.0398,13.5754
Terezka,49.786,16.1226
Háj u Šumperka,49.9707,16.9338
Vojtěchův kopec,49.7281,15.9773
Masarykova vyhlídka,50.0916,14.3951
Velká skála,49.3545,16.4183
Vyhlídka Emy Destinnové,50.1174,14.482
U Lvíčka,50.553,15.1763
Křížový vrch,49.8629,17.1784
Roh hranic,50.6744,15.8608
Pražská vyhlídka,50.3841,14.2886
vyhlídka na České středohoří (západní část),50.3891,14.288
Roudnická vyhlídka,50.3893,14.2884
Máchova vyhlídka,50.4402,14.5788
Hornek,49.2315,16.7172
Pokličky,50.4552,14.5894
Výhled na přehradu Souš,50.7994,15.3246
Ostrý,50.5315,13.9515
Zelenohorská vyhlídka,49.0827,13.4361
Vyhlídka Havlova skála,49.9098,13.5526
Paličník,50.8715,15.2576
Soví vyhlídka,50.9342,14.4292
Holubník,50.8407,15.1835
Ptačí kupy,50.847,15.1737
řopík,50.2422,14.3056
rozhledna Osičina,50.2242,16.1273
Vladimíra Menšíka na Hlíně,49.1174,16.4261
Doubravská hora,50.639,13.8597
Kamenný vrch,49.1828,16.556
Czeskie Kamienie / Mužské kameny,50.7769,15.5911
Krakonoš,50.734,15.6649
Minická skála,50.2186,14.2877
Louštín,50.1639,13.7937
U Tety,49.7478,16.5794
rozhledna Háj u Aše,50.2335,12.2018
Devět skal,49.6707,16.0322
Skalní hrad,50.8722,15.0894
Kočičí kameny,50.8869,15.2311
Přerovská hůra,50.162,14.8398
Břístevská hůra,50.1376,14.8516
vyhlídka Na Horizontu,49.724,13.4381
Dolní můstek,49.3737,16.7292
rozhledna Podvrší u Veselice,49.3891,16.704
Rozhledna Stráž u Aše,50.2278,12.272
U Strejců,50.2634,12.3872
Babylon,49.4437,16.4639
Rozhledna Krátošice,49.3257,14.7842
Mariánská vyhlidka,50.548,15.1935
Vyhlídka nad Výrovkou,50.7179,15.6828
Sněžník,49.276,14.8952
rozhledna Modrá - Židoviny,49.1191,17.4033
Dračí vrch,50.8095,15.0778
Panská skála,49.8751,14.5647
Kamenná brána,50.5311,16.3107
Koruna,50.5219,16.3254
Rozhledna Jarník,49.308,14.1925
Hlavatice,50.5696,15.1555
Travičná,48.8601,17.3656
Doubrava,49.1838,17.8729
Ambrožova vyhlídka,50.7626,15.5455
Pančavský vodopád,50.7612,15.5452
Milovské perníčky,49.6936,16.0879
Čtyři palice,49.6868,16.0932
Chalupská Slat,48.9982,13.6592
výhled z věže,49.0511,14.4416
Kamenická vyhlídka,50.8503,14.3444
Mariina skála,50.8604,14.405
Čerchov u Nižbora,50.0048,13.9779
Skalka,49.2476,16.5904
Málkova rozhledna,50.0466,14.1352
Kalvárie,50.5643,15.1645
Zdenčina skála,50.6066,15.1932
Frýdlantská skála,50.5611,16.2057
Vyhlídka Klubačice,49.5603,16.3142
Dolní Bílý ostroh,50.8741,14.2443
Šaunštejn,50.8687,14.3521
Vožický výhled,49.5323,14.8145
Holý vrch,49.7721,13.4458
Kamenná vrata,50.7372,14.977
Červený kámen,50.7312,14.9738
Na stráži,50.7338,14.5844
Otvovická skála,50.2156,14.279
Sylván,49.7697,13.3475
Rozhledna Bára,49.9163,15.7807
Hotel Myslivna,49.1887,16.5538
Babylon,49.3848,16.3598
Žuráň,49.1798,16.7384
Lipno Panorama,48.7164,14.0793
Růžový hřbety,50.8013,14.2445
Růžová vyhlídka,50.8063,14.2441
Válečná díra,50.8213,14.357
rozhledna Nedánov,48.9806,16.8195
Klíč,50.7886,14.5727
Helfenburk,49.1362,14.0067
Klimentova vyhlídka,49.8648,14.4579
Hvíždinec,49.9068,14.2673
vyhlídka na Mikulce,49.7658,13.3822
Stříbrná krasavice,49.9602,16.374
Pechova smrt,50.8957,15.2549
Špičák,50.8644,15.0742
Rozhledna Černá Studnice,50.7117,15.233
Rozhledna Vrbice,50.0923,16.247
Husova vyhlídka,50.1111,16.2209
Košťál,50.4902,13.9848
Holý vrch,50.5026,13.9784
Hrad Střmen,50.5942,16.1384
U Roklin,50.5916,16.1226
Rozhledna Súkenická,49.3988,18.396
Popovský kříž,50.338,12.9238
Brdlice,49.881,17.9358
Dobrý duch MUHU,50.8941,15.1964
Rozhledna Ocmanice,49.2277,16.1176
Čertův odpočinek,50.8245,15.213
Jezdec,50.7975,15.0928
Rozhledna Alfonse Muchy,49.097,16.3857
Na Kalvárii,50.066,14.3276
Raisova vyhlídka,49.8604,14.4655
Vyhlídka Vildy Jakše,49.8629,14.4602
Altán Camera Obscura,50.2281,12.8846
Altán u Tří Křížů,50.2271,12.8865
Dušanova vyhlídka,50.6496,13.6846
Vraní skála,49.9277,13.9411
Rozhledna Radětice,49.3193,14.429
Pavlova vyhlídka,49.3674,12.7732
vyhlídka E. Maxe,50.7318,14.5884
Hraběnčina vyhlídka,50.7331,14.5905
Maxmiliánova vyhlídka,50.7338,14.5937
Mikovcova vyhlídka,50.7347,14.5962
Malý Chlum,49.4514,16.5858
Klamorna,50.5278,15.0342
Kazatelna,50.2118,12.8665
Vyhlídka Petra Velikého,50.2228,12.8794
Vranovský hřeben,50.6453,15.181
Pecinova vyhlídka,50.6294,15.1777
Kožová hora,50.1137,14.1036
Havraní skály,50.7669,14.5877
Jestřebické pokličky,50.4632,14.5868
Šafářova skála,50.4089,16.8962
Výhled na Plešné jezero,48.7765,13.8575
Kučerova vyhlídka,48.7747,13.8554
Rozhledna Slunečná,48.9054,16.8337
Vyhlídka Nad Soutěskou,48.8648,16.6432
Děčínská výšina,50.789,14.2353
Stoličná hora,50.7852,14.2276
Ponorka,50.8106,14.4222
Žába,50.8104,14.4207
Žába II,50.8087,14.426
Rozhledna Rovnina,49.0715,17.5132
Hořákova,50.6296,15.1985
Boika,49.8465,15.7841
Hallamasskova vyhlídka,48.8935,15.8101
Vyhlídka „Libverdských pramenů“,50.8921,15.19
Velké Hradisko,49.8019,16.1705
Raškova vyhlídka,49.5836,18.1629
Šikmá věž,50.4629,15.2904
Pechova vyhlídka,50.4667,15.2868
Žaltman,50.5526,16.0521
Nad podkovou,49.6273,14.2022
Chebská stráž,50.0835,12.3416
Salingburg,50.1098,12.3601
Vyhlídka čtyř ročních období,48.8554,16.042
Radniční věž,49.9654,16.9705
Na Plazu,49.9385,13.6558
Dívčí kámen,49.8813,15.587
Homole,49.9443,14.3982
Pasecká skála,49.6156,16.0815
Tři kameny,50.105,17.0479
vyhlídka Míru,50.4666,15.2912
vyhlídka Českého ráje,50.4667,15.2897
Hlaholská vyhlídka,50.467,15.2957
Všetečkova vyhlídka,50.4677,15.2906
Vyhlídka pražského pěveckého sboru Křížkovský,50.4664,15.2992
Horní můstek,49.3731,16.7293
Vysoký Ostrý,50.6364,14.0802
Pozorovatelny,49.7626,13.9235
Pozorovatelny,49.7637,13.9265
Jindřichova skála,49.768,13.8818
Dopadová plocha,49.7256,13.8675
Čap,50.5547,14.4758
Smrtka,50.637,14.44
Ronov,50.6204,14.4147
Vyhlídková věž Gustava Mahlera,49.3961,15.5861
Výří skála,49.3341,16.6472
Čertův stolek,49.714,15.7124
Železné schody,48.825,15.9674
Vrkoč,50.6309,14.0452
Na hřebínku,50.032,13.8626
Kleť rozhledna,48.8655,14.2833
Akátová věž,49.0418,16.639
Alpská vyhlídka,49.0042,13.6931
Králův stolec,48.8445,16.0035
Sealsfieldův kámen,48.8372,15.9982
rotunda Sv. Kateřiny,48.855,16.0434
Karolínina brána,48.8542,16.0459
Rozhledna Lhotka,49.0568,17.5882
Sněžnická vyhlídka,50.788,14.2332
"Panoramic view of the lake, Pruhonice",50.0003,14.5573
Chocholka,50.5862,15.469
rozhl. Vlčí hora,50.9397,14.4654
Janova vyhlídka,50.5565,15.1734
Zámecká vyhlídka,50.5464,15.1932
Lohhauser,49.9344,12.5337
Panský Vrch,49.9352,12.6383
U Trojice,50.0375,13.8749
Sedlo,49.19,13.5693
Sedlo,49.1902,13.5691
Pod Janíkem,49.5462,18.1979
Jelenec,48.8605,17.703
Malá Skála,50.6193,14.0551
Hradiště,49.8113,13.6178
Vyhlídková věž hradu Grabštejn,50.8462,14.8763
Vyhlídka Havránka,50.1199,14.4219
Bohdalec,49.6226,16.1438
Skalka,49.2241,16.7542
Lom Hády,49.2199,16.6742
Plešivec,50.566,14.0881
Krkavčí skála,50.5864,14.0846
Hradiště,50.5689,14.1138
Vyhlídka Vojty Náprstka,49.2955,14.4799
Hrad Krupka,50.6849,13.8559
Malá skála,49.1364,16.2467
Harrachova skála,50.7285,15.5747
vyhlídka,50.676,14.0751
Milíře u Rozvadova,49.6653,12.6224
Na Oklikách,49.0985,16.3996
rozhledna Kanihůra,49.7324,18.0102
Krašov,49.9489,13.5887
Hradčanská vyhlídka,50.6179,14.6976
Rozhledna na Císařském kameni,50.7132,15.1044
Bílá skála,49.8216,13.6506
Wilsonova vyhlídka,49.1615,16.0898
Květnice,49.3584,16.4146
Chocholík,49.2797,16.9377
Rozhledna Annenský vrch,50.2162,16.5127
chata Hrádek,49.6169,18.7709
Juránkova vyhlídka,50.3409,16.1592
Koníček,50.3732,16.1862
Trniště,50.7741,15.1578
Slabošovka,48.7904,14.5384
Rubačka,49.3232,15.9575
Kopaniny,49.5569,16.4047
Zelenkův kopec,49.571,16.4556
Nedvězí,50.507,14.5292
Klostermannova Rozhledna,49.1382,13.6535
U Obrázku,48.9151,16.7842
rozhledna Vodojem Bratčice,49.0626,16.5402
Divoký důl,50.0793,17.2029
Vyhlídka Finkenstein 688m,50.7426,15.2431
Skalní vyhlídka,50.7517,15.2813
Bílá skála,50.7396,15.3753
BOROVSKÉ SKÁLY,50.731,15.4057
Šulíkova skála,50.7304,15.3237
Terezínka,50.7304,15.3059
Frýdlantské Cimbuří,50.8562,15.2171
Vyhlídka na jihozápad,50.3852,14.2878
Albertovy skály,49.7254,14.3681
Velká Panoráma,50.6117,16.1132
Na Čihadle,50.833,15.2316
Javorový kopec,49.5863,16.3263
Böhmova vyhlídka,50.6206,15.3053
Hradek,50.3782,14.925
kamenné moře,50.1568,16.7906
Švédské šance,50.3888,14.927
Labska vyhlidka,50.8286,14.2192
Radniční věž,49.5471,18.2117
Branžovský les,49.4267,13.2613
Plánický hřeben,49.4285,13.2752
Vyhlídka nad Tanvaldem,50.735,15.3114
Velká klečová louka,50.8312,15.2444
Jelínkův most,49.9155,14.0485
Skalní vyhlídka,50.7504,15.3758
Rysí skála,50.0883,17.1486
Bellarie,49.8459,17.8476
Bezručova vyhlídka,49.856,17.8682
Černá stěna,50.8579,15.2306
Hajní Kostel,50.8614,15.2153
Muchov,50.7247,15.2934
Rozhledna Hanse Kudlicha,50.0505,17.7333
Radniční věž,50.4115,14.9031
Vyhlídka,50.3854,14.2911
Clementsova vyhlídka,49.9777,12.7127
Vyhlídka Hartwiga Rupperta,50.1007,12.7896
Průrva Ploučnice,50.6872,14.7634
Rozhledna na Smrku,50.8893,15.2718
Rotštejn,50.5943,15.2242
Máj (448 m),49.8311,14.456
Výhled u posedu,50.7952,15.3325
Beethovenova vyhlídka,49.861,17.8741
Leonardova vyhlídka,49.8612,17.8735
Vyhlídka Liška,50.7199,15.4489
Vyhlídka na hrad Potštejn,50.0754,16.3014
Skalní vyhlídka,50.1988,17.0989
Barunčina vyhlídka,50.4477,15.9981
Vinařická hora,50.1851,14.0864
Slavíček,50.7299,14.6021
Výhled na Štěpánku,50.7619,15.3618
Zelená budka,49.7333,17.307
Velký medlánecký kopec,49.2344,16.5679
Výhled na Český Šumburk,50.7296,15.3395
Puklá skála,50.6946,13.5857
Vlčina,49.5427,18.1951
Koňská vyhlídka,50.1832,17.1015
Rajmanova vyhlídka,50.3231,12.7343
Krásná stráň,49.9421,14.2704
Rozhledna na Vlčí hoře,50.6467,13.6418
Vyhlídka u sv. Jana,49.5382,17.7455
Vrše,49.1209,17.2624
Hanesova vyhlídka,50.0091,16.698
Mlynářův kámen,50.5961,14.0314
Radejčín rozhledna,50.583,14.0112
Vyhídka u Dubice,50.5933,14.0283
Bartůňkova vyhlídka,49.7213,14.3672
Vyhlídka Opata Zaorala,49.7398,14.4044
rozhledna Lázek,49.9257,16.7054
Neštětická hora,49.7692,14.5684
Smetanova vyhlídka,49.8484,14.4522
Třeštibok,49.877,14.4521
Vysoký vrch,50.0584,14.064
Koukolova hora,49.9202,14.0233
Radniční věž,50.292,16.1601
Vysoký kámen,50.4055,16.9315
Doskočilova vyhlídka,50.0035,16.2343
Čertovy kazatelny,50.3686,16.9927
Dánské kameny,50.7487,14.9595
Liběhrad,50.2037,14.3626
Lesná,48.8977,17.6494
"Vyhlídka ""u Martina""",49.2506,16.9145
Zouvalka,49.2522,17.0162
Rajovské skály,48.843,14.3749
Zaječí skok,49.4137,15.5345
Vyhlidka na Český ráj,50.5678,15.2993
Kinského vyhlídka,50.912,14.4563
Věž Landštejn,49.024,15.2309
Vlčí kámen,50.6777,13.7357
Soumarské rašeliniště,48.9016,13.8367
Rogalová rampa,50.3616,13.1704
Raisova vyhlídka,50.5618,15.1276
Holenická vyhlídka na Trosky,50.5217,15.3168
Švamberk view,50.2662,16.1164
Chateau view,50.2633,16.1172
Baba - 639,49.7321,17.4247
Zelený vrch,50.8207,15.2823
Jiráskova chata,50.4008,16.1911
Šibenik,50.5561,15.9063
Rozhledna U majáku na Přítlucké hoře,48.8639,16.7711
Rozhledna Kozlovský kopec,49.8813,16.4256
Rozhledna Kožich,49.5713,13.444
Řípská vyhlídka,50.5048,14.5404
Strážnice,50.232,17.5985
Vojtěchovská rozhledna,49.7802,15.9798
Krkatá bába,49.3821,16.5293
Stezka korunami stromů Lipno,48.6527,14.2307
Solárka,49.5809,18.3198
Nickerlova vyhlídka,49.9664,14.4115
Zámeček,49.8027,16.1685
Dutý buk,50.9742,14.4238
Metodka,49.6064,16.1473
Arberblick,49.1281,13.2317
U Čtyř buků,50.7587,15.431
Emergency hut,49.9544,14.7736
21,49.2232,17.6589
LKPR Spotting Point,50.1155,14.2651
Náklo,48.9384,17.1374
Vyhlídka Václava Hrubého,48.9334,13.7085
Bosenská skála,50.7362,15.384
Skalní vyhlídka,50.7392,15.4067
U obrázku,49.8912,14.4678
Výhled na hrad Kašperk,49.1653,13.5694
Labská vyhlídka Elisafex,50.8738,14.2364
věž Staré radnice,49.1931,16.6087
Klostermannova vyhlídka,49.1014,13.4801
Halda Ema,49.8397,18.3146
Vápenný,50.7888,14.8974
Krkavčí skály,50.7421,14.8917
Pohled od sjezdovky Morávka - Sviňorky směrem severovýchod,49.5887,18.5169
Křížový Vrch,50.6244,16.1264
Vyhlídka Špička Brnky,50.1484,14.4019
Aussichts-Kanzel,49.0611,13.3957
Pohled z úbočí Malého Travného,49.5607,18.5436
Rozhledna Lidové sady,50.7774,15.0809
Mache,50.5943,14.0828
Taková hezká skála,50.6034,14.9754
"Motýlí vrch, Ferdinandka",49.6945,13.991
Vyhlídka na Kapelu,50.5512,15.179
Bednář,49.8259,14.4506
Lovošská Pískovna,50.5242,14.0394
Velká Deštná - jih,50.3006,16.3978
vyhlídka pod Šerlichem,50.3261,16.3869
vyhlídka na Studeném,50.2928,16.3715
Bezručova vyhlídka,49.7128,18.3634
Vyhlídka U Rybárny,49.3866,14.1683
LKPR Spotting Point,50.1032,14.2501
LKPR Spotting Point,50.0966,14.2452
Vyhlídka Srdce,49.6656,14.2476
Klosova vyhlídka,50.3494,16.1535
Kluk,49.6575,13.3571
Nad Zdejcinou,49.9787,14.0381
Nad Zdejcinou,49.9789,14.0448
Nad Marastkem,49.5928,13.7284
Rozhledna Maják,50.4778,13.5432
Rozhledna u Křížku,48.8566,16.4718
Rozhledna Hustopeče,48.9535,16.7426
Nad Horními Albeřicemi,50.6902,15.8569
Lasocki Grzbiet,50.7301,15.8317
Śląskie Kamienie,50.776,15.6028
Šumavská vyhlídka,49.4292,13.2967
Juliina vyhlídka,50.6682,14.7564
Výhled na Měšno,49.6514,13.6284
Rozhledna Skalka,49.9897,14.783
Humboldtova vyhlídka,50.6493,14.0371
rozhledna Varta,50.3725,16.2039
U transformátoru,50.4679,16.0223
Hromobitka,50.4535,16.0213
Mečov,50.4644,16.017
Křížový vrch rozhledna,49.6219,13.2128
Křížka,49.9264,14.5706
Homolka 295 m n m,50.0153,14.3733
Krkavčí skála,50.6199,15.3031
Medvědí skála,49.5521,18.3999
Bílý kámen,49.6199,17.4531
Vyhlídka Pálavské náměstí,49.2058,16.6561
Astronomical observatory,49.2071,15.8759
Strážná hora,49.2099,15.8737
Zdebořická vyhlídka,49.3677,13.4132
Vyhlídka na Beskydy,49.779,18.425
Mostka rozhledna,50.5466,14.1372
Bašta,49.513,16.885
Vápenice,50.7127,14.9983
rozhledna Petrovice II,49.8142,15.0597
Svatý Kopeček,49.6291,17.3375
Kamenný vrch,49.185,16.5538
Jájina vyhlídka,50.7279,15.5612
Černá skála,50.7091,15.5656
Rozhledna,50.9348,15.0767
Výpust u Vlčnova,49.0121,17.5469
Lišky,49.624,18.3323
Na Magoni,49.6197,18.3063
Kopalova vyhlídka,50.6007,15.1706
Olověný vrch,50.3675,12.5115
Na Altánku,49.5552,15.0504
Krkavčí skála,49.41,14.1639
zvonička,49.6058,18.2512
Vyhlídka na Čertovu tchyni,50.544,16.2986
Supí hnízdo,50.564,16.2761
Skalní divadlo,50.5649,16.2732
Mikšova hora 578m,50.6969,15.3011
Arboretum Makču Pikču,49.8173,17.2225
rozhledna,50.0743,16.7686
Myší Skála,50.6293,15.3108
Jiřička,50.6169,15.3105
Moravská Jiřička,50.6206,15.3075
Čertovy kameny,50.2454,17.2363
Bradlo,49.8541,17.0543
Laffitova vyhlídka,50.5679,14.1634
Mayerův gloriet,50.2227,12.8799
rozhledna Kohout,50.7104,14.3143
rozhledna Strážný vrch,50.6872,14.3556
Rozhledna Kozinec,50.5192,15.5586
Junácká vyhlídka,50.5147,16.3091
Božanovský Špičák,50.5144,16.3176
Janovská vyhlídka,50.8738,14.245
Tisá skála,49.8452,15.419
Víťova vyhlídka,50.6494,14.2768
Hrad Adršpach,50.6174,16.1004
Grázlova vyhlídka,48.8917,15.6367
Slavenská vyhlídka,50.5364,16.2984
Vyhlídka na Veveří,49.2631,16.4667
Vyhlídka Stříbrník,50.1686,14.3514
Šumavská vyhlídka Zdeňka Hodka a strážovských turistů,49.3079,13.2482
Jurkovičova rozhledna,49.4624,18.1587
Vyhlídka nad Vysutým,49.6239,18.4973
Ptačí pozorovatelna,50.63,14.5464
Opevnění,50.1688,16.8657
"Drkolna, 729 m.n.m.",49.3381,13.3931
Zbojnická,49.4363,18.4647
Irenina Skala,50.4622,13.2689
Rozhledna Járy Cimrmana,49.647,16.512
Widok na Kotlinę Ostrawską,49.6056,18.8231
Rozhledna Kbíl,49.2182,13.8449
Okrouhlá,49.6806,18.2775
Schillerova vyhlídka,50.7873,14.6571
Lokomotiva,50.5919,16.1462
Sedmihůrská Vyhlídka,50.7084,13.8275
rozhledna Šibeniční vrch,49.5213,12.9605
Skála,49.8821,14.8792
rozhledna Hard,50.1778,12.6568
Ervínův hrad,50.4676,15.2743
Koráb rozhledna,49.3955,13.0752
Krkavec,49.8028,13.3415
Bolt Tower,49.8194,18.2767
Jelení skok,49.1032,14.4656
Karlova vyhlídka,50.8874,14.4862
Rozhledna Kuníček,49.5642,14.3132
rozhledna U Jakuba,49.0876,15.271
Hubertova vyhlídka,50.6645,15.7515
Rozhledna Heřmanice,50.8974,15.017
pozorovatelna Pohraniční stráže,49.6735,12.5446
Zdice,49.9166,13.9862
Brot,50.9026,14.4049
Käs,50.9031,14.408
Rozhledna Velká Čantoryje,49.6787,18.8046
Kalvárie,50.0656,16.4394
Melicharka - Vyhlídka na Plzeň,49.6823,13.5155
Krkonošská vyhlídka,50.4665,15.6055
Rozhledna na vrchu Čáp,50.5746,16.1241
Byšičky,50.4192,15.6101
U třešně,50.4469,16.0376
Příkosická vyhlídka,49.6647,13.6442
hradiště Denemark,49.9291,15.2524
Vyhlídka na Šumavu,49.4353,13.6594
Vyhlídka na Pavlovsko,49.7236,13.6598
Vyhlídka na Žďár,49.7291,13.6891
Skalní vyhlídka z Vlče na Strašice,49.7227,13.7266
Frotzelova rozhledna,50.3844,13.7943
Krausova vyhlídka,50.6095,15.993
Rozhledna Svatá Markéta,49.3621,13.1563
Doerellova vyhlídka,50.5863,14.0253
Tanvaldský Špičák,50.7514,15.2824
Rudolfova vyhlídka,50.6276,15.0896
Vyhlídka kováře Popolce,50.7934,14.1827
Přípeřská vyhlídka,50.7904,14.2033
Dolní vyhlídka,50.7864,14.2095
Červená skála (Nad vlajkou),50.7829,14.2071
Hrobka,50.6487,15.1136
rozhledna Křížová hora,50.038,16.7573
Veřejová skála,49.6459,14.8687
Liptická vyhlídka,50.5976,13.7318
Wessenstein,50.6835,14.1208
Kozí vrch,50.6758,14.1368
Humboldtova vyhlídka,50.6718,14.2271
Nad Perníkovou věží,50.7667,14.6028
Opálená,49.5536,18.3121
Hradní vyhlídka,50.7336,14.592
Dědovy kameny,50.7252,14.5984
Karolínina vyhlídka,50.4967,15.7678
Horní vyhlídka,50.7871,14.2111
Rozhledna Janovský vrch,50.8609,14.2697
Bohušův vrch,49.8666,12.7528
Radost,49.8804,13.463
Vávrova vyhlídka,50.0424,14.4137
Hradní věž,49.8043,17.7732
Skalní ostroh,49.8034,17.7747
Kibička,50.5288,14.0236
rozhledna Lanšperk,49.995,16.4541
Vyhlídka,49.5776,17.6248
Obírka,49.5766,17.5867
Vyhlídka Kulivá hora,49.9644,14.2863
Soutok Moravy a Dyje,48.6172,16.9405
Mužský,50.5279,15.0461
Venušiny misky,50.3354,17.1471
Prdlák,49.9292,14.1376
Schlikova vyhlídka,50.4679,15.2904
Výhled na celou Ostravu,49.8433,18.3008
Paraplíčko,50.6361,15.2905
Vyhlídková věž Hošťálkovice,49.8444,18.2113
Jelení kameny,50.133,17.3064
Kamzičí skály,50.1482,17.235
Chlumská hora,49.9997,13.2321
Na Skalce,49.0251,17.8444
Vyhlídka Pěnčina,50.0399,13.9259
Lípa svobody,50.4902,15.3155
rozhledna Doubí,49.0391,17.3037
Hřebenka,50.749,14.5647
Rozhledna na Svatém kopečku,50.3841,13.2578
Vyhlídka Na Plazích,49.9674,13.706
Kunětická hora,50.0799,15.8132
Vyhlídková věž děkanského kostela Proměnění Páně,49.4146,14.6584
Nízký Jeseník,49.9725,17.4401
Orlík,49.5652,15.4104
Výhled na Janoslavice,49.8485,16.9822
Vyhlídka,50.609,14.2795
Sřed Moravy,49.3856,17.1229
vyhlídková věž Lomnice,49.0954,14.7146
Na Skále,49.5613,13.6674
rozhledna Cibulka,50.2369,12.5578
Baronova vyhlídka,50.6095,16.1132
vyhlídka u Heřmanova (608m n.m.),49.3765,16.1853
Markoušovická rozhledna,50.5755,16.0124
Rozhledna - Stráž Františka Josefa,50.6372,13.8338
Husníkova vyhlídka,50.6296,15.1985
Kde domov můj,50.6298,15.1986
Kinského,50.6305,15.1992
Vyhlídka Kde domov muj,50.6299,15.1986
Besedická,50.6274,15.2072
Kámen,49.8931,14.4067
Vyhlídka Na Bezděz,50.553,15.1205
Na Kose,50.7249,15.7748
Chvalovka,49.2235,16.4961
Pohanské kameny,50.9714,15.0211
Vyhlídkový altán,50.6849,15.4043
výhled na Českosaské Švýcarsko,50.7644,14.3755
vyhlídka,50.7553,14.3712
vyhlídka,50.7482,14.366
vyhlídka Liščí Hory,50.7323,14.357
vyhlídka,50.7247,14.3633
Rozhledna Špičák,49.173,13.2084
Masarykova vyhlídka,49.2168,15.8846
rozhledna Kostelní Hlavno,50.2616,14.7029
výhled na Sedlo,50.6897,14.2833
Vyhlídka Alexeje Navalného,50.1046,14.4147
Baba,50.1188,14.3907
Rozhledna na Medvědí hoře,50.0865,17.1394
vyhlídka nad soutěskou,50.8003,14.3626
Vyhlídka u laviček,50.7011,13.914
Seifertova vyhlídka,50.4704,15.2919
Bezručova vyhlídka,49.59,18.1589
vyhlídkový altán Mariina skála,49.6552,13.5653
Brousek,50.2273,17.0246
Zřícenina hradu Svrčov,49.5371,17.7476
Heckelovy skály,50.2534,17.1917
Čertova vyhlídka,49.7859,15.0272
vyhlídková věž,49.2602,15.2406
tvrziště Stráž,49.113,16.7185
rozhledna Hnědý vrch,50.6883,15.7071
Výhled Vysoký kámen,50.5353,16.1635
Vyhlídka Ovčín,50.5489,16.2975
Tell-Platte,50.8093,14.4259
Výhled z Faltova kopce,50.4567,16.0401
Vyhlídka Myslík,49.6173,18.2612
Libníkovická rozhledna,50.2488,15.9938
Rozhledna,50.1206,14.4167
Goethova vyhlídka,50.1854,12.7545
Loučka,49.6254,18.782
vyhlídka na Housle,50.1245,14.3562
Rozhledna Panorama,49.6491,18.2709
bývalá Švýcarská bouda,50.7786,14.654
rozhledna Olšová,49.6617,17.8773
Třesina,49.9645,14.1329
Lysý vrch,50.596,16.1527
Rozhledna Na Skalce,50.1443,17.4509
Hraběcí stolek,49.5494,16.3459
Rozhledna Bleiberg,50.3673,12.51
Rozhledna Šrotík (Maják),49.074,17.4268
Vyhlídka Oldřicha Fencla,48.8436,14.5572
Modré kameny,50.6456,15.781
Osserblick,49.2114,13.1135
Dreisesselblick,48.7719,13.845
"vyhlídka do dálky ""Koňský vrch""",48.776,13.8715
Hasičská vyhlídka,49.1715,14.2583
Výhled na Plešné jezero,48.7777,13.8584
výhled na Lužické hory,50.7637,14.3774
Ornitologická pozorovatelna,49.6531,17.2312
Zatopený lom Trojka,49.6201,15.4106
Zatopený lom Trojka,49.6203,15.4104
Holý vrch,49.6223,15.3978
val,50.7708,14.384
Belvedér,50.8495,14.2214
vyhlídka Devět mlýnů,48.8109,15.9809
Vyhlídkové místo u Honzíkova kříže,49.4608,16.8779
Chlumská hora,50.0055,13.2053
Rozhledna Líský,50.2454,13.9185
Kabačka,49.639,16.2272
Hadí hora,50.3846,12.9347
Bílý kámen,49.9298,14.6512
Rolandův kámen,50.0813,17.3069
Stará Vodárna,49.2287,13.5066
Smetanova vyhlídka,50.5314,15.3381
rozhledna Hněvín,50.5207,13.6332
Girova,49.5316,18.8001
Kočího kopec,49.6126,16.3157
Skála,49.6657,15.3912
Englišova vyhlídka,49.8899,18.0423
myslivecká vyhlídka,50.7765,14.3271
Vyhlídka u Sedlčan,49.634,14.4654
Čertice,48.9356,15.7237
U Spáleného mostu,50.0868,16.3125
výhled,50.7613,14.2929
"výhled 291,2",50.7621,14.3295
Švédská skála,49.7137,17.7544
Struhalův dub,49.9537,18.1246
velká vyhlídka na Lužické hory,50.7749,14.3108
výhled na Markvartice,50.7768,14.3139
výhled na Markvartice,50.772,14.3126
výhled,50.7613,14.29
ROZHLEDNA /lookout tower,50.0268,15.2014
Radniční věž,50.922,15.0785
výhled,50.7578,14.2924
rozhledna Čeřovka (Milohlídka),50.4448,15.3604
rozhl. Pastýřská stěna,50.7801,14.2044
Rozhledna Tábor,50.5092,15.3684
Lom Hády,49.2186,16.6738
Trávník,50.1517,15.6864
výhled na Lužické hory a Markvartickou kotlinu,50.7959,14.379
"výhled Jedlová, Sokol",50.8237,14.5028
výhled na Chřibskou,50.826,14.5011
rozhledna Růženka,50.8441,14.3011
výhled na Růžovský vrch a České Švýcarsko,50.7818,14.3103
Věž,49.5832,17.9632
Na babách,49.0994,16.2237
Velký kačer,49.1016,16.2459
Velká skála,49.1024,16.2407
Vápenka,49.9322,14.5182
kamen s vyhlidkou,49.139,17.2526
Vinice vyhlídka,50.0466,16.0553
Minirozhledna,49.8555,14.8208
Rozhledna Zadov,49.0615,13.6298
Rýdův kopec Děbolín,49.1591,14.9396
Boží skála,49.8902,14.5021
Na Vinici,50.0442,15.2335
"Kralovecky Spicak, Karkonosze",50.6663,15.9987
Malý Tok - Vyhlídka,49.6536,13.8459
Vyhlídka na Konopiště,49.771,14.6141
Kamýcká vyhlídka,50.1552,14.3081
Rozhledna Brodek,49.483,17.3486
Claryho kříž,48.9063,15.8224
Vyhlídka na Kaňon,49.8389,15.9712
Čákova vyhlídka,49.6552,13.8175
Vyhlídka Svatopluka Čecha,50.5361,15.2435
U Krizove Cesty,49.8624,17.8846
Cimrmanova nejnižší rozhledna,50.6126,15.3604
Roztylská vyhlídka,50.0394,14.484
Krásná vyhlídka,50.4811,16.2882
Rozhledna Milada na Lichnici,49.8795,15.5864
Vyhlídka na zvonici,49.492,18.2227
Vyhlídka od hotelu Radegast,49.4891,18.2252
výhled na Benešov,50.7441,14.3111
Krásná vyhlídka,50.356,13.9712
Pekelný kopec,49.1829,15.8502
Vyhlídka Zámky,50.144,14.4001
Liebeshöhe,49.2121,13.1907
Zlatý vrch,50.0886,12.3746
U Tří Líp,49.1355,15.6731
Mařenka,49.1707,15.703
František,49.141,15.6484
Nad Doly,49.7664,16.5834
Výrovka,49.3498,16.6788
Vyhlídka Žimrovická skála,49.8611,17.8587
Rozhledna Hostovice,49.1932,13.7589
Alšova vyhlídka,50.1486,14.3671
Prchalovská vyhlídka,49.6442,18.1112
Rozhledna,49.1661,13.7976
Vaňovská Skála,50.6199,14.0545
Skautská vyhlídka,49.2005,16.6485
Vyhlídka Bohumila Hrabala,49.2009,16.6484
Jardova vyhlídka,49.1397,17.738
Rabštejnská vyhlídka,50.7272,14.6569
výhled na Českosaské Švýcarsko,50.7809,14.4009
Na Nebičku,48.7997,14.0562
Sedlo Lysé hory,50.7523,15.5197
Nad Solvayovým lomem,50.7557,14.9161
Čertík,50.5251,15.071
Rozhledna Obecnice,48.9141,17.6702
Malesická vyhlídka,49.7744,13.3141
Rozhledna Máminka,49.9633,13.93
Výhled na Štramberk,49.5366,18.1786
Rozhledna Vrchbělá,50.5284,14.7635
Vyhlídka u osady Jánské Koupele,49.8344,17.7116
Prosecká vyhlídka,50.1169,14.4883
Lhotský vrchol,49.5367,16.5673
rozhledna Doubská hora,50.204,12.8466
Dva kameny,49.7826,13.3468
Šrámkova vyhlídka,50.4858,15.2588
výhled na Lužické hory,50.7951,14.3083
Vřesník - přehrada,49.5298,15.2425
Vřesník - přehrada,49.5299,15.2428
výhled na Růžovský vrch,50.7964,14.3763
Vyhlídka ševce a krále Miroslava (Pyšná princezna),50.7851,14.3114
Vyhlidka pod Krkavcem,49.7983,13.334
Sokolí skála,50.113,17.2076
Zamek Rychleby,50.3637,16.982
Jeskynní vyhlídka,50.1942,12.7893
Moravská bašta,50.0912,14.4047
Rozhledna Ládví u Kamenice,49.887,14.6125
důl Nástup,50.4327,13.3843
vyhlídka Kobylí skála,49.5687,16.2954
Stožecká skála,48.8735,13.8213
Kazatelna,49.6925,13.9431
Stvořidla,49.6659,15.3354
U kapličky,49.0025,14.5322
Vyhlídková plošina na kopci Kozlov,49.3468,17.1824
Malý Bezděz,50.5399,14.7137
Myšák,49.8339,14.456
Mariensruh,50.8792,14.413
Vyhlídka sv. Ludmily,50.1702,14.3735
Dlouhý hřeben,50.6105,14.5695
Černá skála,49.8162,13.6376
velke skalky,49.278,16.7001
velke skalky,49.2779,16.7
Na horách,50.4515,14.2102
Rozhledna Bukovka,50.0141,17.0131
Vyhled Nad Jizdarnou,49.6053,18.5266
Rozhledna Fajtův kopec,49.3601,16.0262
9-StoneStand,49.4488,13.8403
Výhled na Alpy,50.0052,16.7253
Vyhlídka Chabeřické skály,49.751,15.0878
Prostřední skála,49.9851,17.0583
Nad Hraběšicemi,49.9865,17.0792
Helišova skála,49.4125,16.7587
Vyhlídka na Karlík,49.9383,14.2618
Vyhlídka kouzel,50.5723,16.1398
Vinohrady Révová,49.203,16.6532
Kraví pole,49.0118,14.0931
Vyhlídková Terasa pro veřejnost,50.1065,14.2655
Křížák,49.0526,16.319
Vyhlídka Homolka,49.7998,14.4366
Vyhlídka,49.9515,14.0969
Prase divoké,50.1742,15.9111
Rozhledna Babka,49.7586,15.0987
Panorama Jamné,48.9065,14.4054
Strážná,49.3546,16.7422
Strážisko,49.637,17.4784
Lom ČSA,50.5456,13.4919
Vláďulina vyhlídka,50.5481,13.468
Vyhlídka Jelení skok,50.2233,12.8808
Vyhlídkový altán Josefa Jungmanna,50.2,12.843
Na Špici,49.7023,16.2561
Hvězdička,48.9413,15.7238
Vyhlídka pod Liščím vrchem,50.2825,12.9998
na Hadrava,49.3066,13.1579
na Kaple Nejsvětější Trojice,49.3058,13.1305
Kočičí skála,50.5492,13.4239
Prachovna,50.5442,15.1921
Lovecká vyhlídka,50.1845,12.7907
Kremelna,49.1444,13.3983
Draci skaly,49.1179,13.5012
Kosatce Skelna,49.1582,13.4025
Vyhlídkový altán,49.9018,12.7808
Vyhlídka Maleni,50.0887,14.4111
Svatý kopeček,48.8063,16.6467
Vyhlídková věž Lednická kolonáda,48.7926,16.8185
Vyhlídka Josefa II.,50.3248,12.5198
Bönischovy Boudy,50.6447,15.7001
Vyhled do udoli Zlateho potoka u Retenice,49.1267,13.613
Pavlov,48.872,16.6556
Hrubý Jeseník,49.9726,17.4395
Triangl,50.8762,15.1743
Vyhlídkové místo,49.8817,17.8622
Vyhlídkové místo,49.8755,17.8499
Rozhledna,50.0901,14.4439
Věž sv. Jakuba,49.1852,15.451
Panorama vimperských kopců,49.0686,13.768
Hubertova Vyhlídka,49.1649,15.5608
Pětnice - rozhledna Christiana Battaglii,49.3751,13.8138
Lesní vyhlídka nad Ohří,50.1972,12.8029
Stezka korunami stromů Krkonoše,50.6311,15.7576
Mravenečník,50.7003,13.5646
Rozhledna Miloňová,49.3807,18.338
Jehlický vrch,50.2335,15.6654
Zatopený mlýn,49.133,16.1006
Chochola,49.5379,16.8686
Magdalenina skála,49.1403,16.2362
Světovina,49.8683,13.7423
Vyhlídková věž Jana Křtitele,50.6377,13.827
Okno,50.4019,12.7498
Strašidlo,50.4013,12.7496
Borůvčí,50.401,12.7506
Vysoká,49.7963,12.6122
Pohled na lázně,50.3674,12.926
Voštinová skála,50.0106,16.9718
Výhled na trať a Chomutov,50.4219,13.4319
Tržnice na Zelném trhu,49.1927,16.6086
Vyhlídka U Kříže,50.6829,15.2188
Rozhledna Maják,50.031,15.1972
Pozorovatelna vodního ptactva,50.1139,12.3178
U Köglerova kříže,50.9104,14.4881
Nadhledna Háječek,49.9378,16.8362
Svah Čertovka,50.6237,14.0541
Kašparova vyhlídka,49.6245,17.4451
Goethova vyhlídka,49.8124,12.8523
Rozhledna Vinice,50.0777,14.7304
Krahulcova vyhlídka,49.463,16.7202
rozhledna Lebedov,49.2125,17.2868
Vyhlídka u kostela,48.81,14.316
Novoveský vrch,49.9964,17.2715
Žampašská vyhlídka,49.8702,14.4879
Na Výhledu,50.8611,14.9649
Velký kámen,49.7282,13.7368
Máchova vyhlídka,50.6124,14.5074
Papinova vyhlídka,50.6287,14.4029
Vyhlídka na Bezděz,50.5255,14.6874
Nad Strží,50.7581,14.7084
Vyhlídka na soutok,49.2345,14.3845
Kořenská skála,49.2355,14.3849
Vyhlídka dědy z Dědova,50.5599,16.2028
Joštova vyhlídka,50.1495,15.9638
rozhledna Vyšicko,48.9205,17.0218
Šumavská vyhlídka,49.1678,14.0913
Těchanovická vyhlídka,49.8163,17.681
Vyhlídka Praděd,50.122,17.3976
průhled na Klíč,50.7395,14.5457
Muflon a daněk,50.1744,15.9111
Jelen sika Dybowského,50.1708,15.9138
Malé Hradisko,49.8026,16.1702
Lama a klokan,50.2058,15.9173
Sokolohrady,49.7148,15.7137
Knesplova vyhlídka,50.805,14.648
Chloudov,50.6275,15.2386
Luisino údolí,50.6591,15.6486
Duncanova vyhlídka,49.9967,12.6932
U Peršinky,50.6182,15.3085
U Bakala,50.6216,15.3052
Peretka,50.616,15.3099
Brusná,49.9317,16.9345
Šeptouchovská skála,49.6944,15.2718
pod Šeptouchovskou skálou,49.6945,15.2715
Krásná vyhlídka,50.7639,15.2863
Vyhlídka k Jizerkám,50.7514,15.2827
Šmídova vyhlídka,50.7442,15.569
Vyhlídka českých bratří,50.6262,15.2015
Výhled na Suché skály,50.6323,15.2057
Třitrubecká vyhlídka,49.7038,13.7845
Borůvka,49.8401,16.0625
Vyhlídková plošina Lovoš,50.5278,14.0183
Rozhledna Kosice,50.1902,15.5309
Výhled od Lechova kamene na město Kouřim,50.0023,14.9862
Voltušská vyhlídka,49.5841,13.8396
Kamenný stůl,49.2223,17.2526
Skuhrov,50.2273,16.2887
"Tis, u kapličky",49.7128,15.4883
Rozhledna Slovácký dvůr,49.0126,17.4413
Jurkova jáma,50.0668,14.106
Vyhlídka U andílka,49.3124,17.2493
Pěkný výhled,50.7836,15.329
Výhled Čertův Kámen,50.8305,15.2986
Strom života - památník 100 let Republiky,49.5362,16.0126
Panoramata,50.2317,17.051
Babická vyhlídka,49.2794,16.6783
Rozhledna Sosnová,49.9934,17.6528
Vyhlídka,50.6379,13.8603
Rozhledna Doubravka,50.6388,13.8602
Kouty nad Desnou kolejka linowa,50.1,17.116
Vyhlídka Soudek,48.9819,17.0334
Rozhledna Soběšovice,49.7286,18.4625
Vyhlídka republiky,50.8169,14.5284
Brýlařský lom,50.7351,14.5931
Vyhlídka poštolek,50.7333,14.5978
Dolní vyhlídka Edmundova kamene,50.8852,14.2807
Sychrák,49.3453,16.4361
ptačí pozorovatelna,50.6281,14.54
Medvědí vyhlídka,50.6105,14.5632
Vyhlídka Na Kouli,50.1821,12.7905
Výhled na Liblín,49.9196,13.5569
Novomlýnská vodárenská věž,50.0923,14.4283
Národní muzeum věž,50.0791,14.4306
Na Chocholce,50.6135,15.1862
Dancing House viewpoint,50.0755,14.4141
Kabuďův vrch,49.6042,18.195
Hvězdárna,50.0883,12.375
Vyhlídka nad Fedlem,48.7658,14.0547
Velká Baba,49.0993,16.2253
Stezka Valaška,49.4934,18.2679
Rottrovy domky,50.7298,15.8126
Ferdinandova vyhlídka,50.6879,14.6687
Hráz rybníku Dolní Peklo,49.867,15.6093
Dolní vyhlídka,50.5721,13.518
Horní vyhlídka,50.5731,13.5181
Terezina vyhlídka,50.5418,13.4744
Novoměstská radnice,50.0782,14.4213
výhled na Helfenburk,50.5819,14.3784
Malinská skála,49.661,16.0715
Těnovická vyhlídka,49.6247,13.6344
Svatý jezevčík,49.7317,13.8686
Malý belvedér,50.0897,14.4013
Čertova stěna,48.9205,17.2741
Štátula,49.303,17.2381
Rabštejn,49.948,17.1503
Lipa sp.,49.196,16.515
Fričova vyhlídka,50.6755,14.076
Městské skály (675 m),50.0073,16.9775
Vyhlídková věž Haniperk - Svobodné Hory,49.1231,14.1168
Farní vyhlídka,50.2324,14.4098
Čtyři palice,49.6861,16.0933
Chlukov,49.7148,13.7862
Skalní vyhlídka,49.4484,16.3205
Výhled na vilu Mittrovských,49.4519,16.323
Karlova Výšina,50.5113,13.4109
Na kamenech. Pohled na hřeben a Sněžku.,50.6689,15.5702
Výhled na Smržovku,50.7357,15.2518
Výhled na Krkonoše,50.7367,15.2579
Výhled na viadukt,50.7383,15.2503
Výhled na chatu Bunč,49.1816,17.3481
Vyhlídka pod Barabášem,49.2142,17.6658
Šibeniční vrch,49.2231,17.872
výhled na Českou Lípu,50.6721,14.4357
výhled na Nový Bor,50.6698,14.4358
výhled na Nový Oldřichov,50.6688,14.4379
Johannisstein Aussicht,50.8345,14.7178
Vyhlídková věž na skokanském můstku,50.5307,15.3483
Hoher Stein,49.7211,17.6391
Dvořáčkova vyhlídka,50.3396,16.1559
Vyhlídka Kačenka,50.5777,16.2581
Vyhlídka do Zaječí rokle,50.5414,16.2978
výhled na Lužické hory,50.6653,14.439
Skrytá vyhlídka,49.8608,14.467
Horymírka,49.5582,16.3348
Turistická rozhledna Vysoká Srbská,50.4867,16.2298
Rozhledna Šťastná věž,49.6181,13.6134
Vyhlídková plošina,50.2019,12.9124
vyhlídková terasa,49.2257,14.1275
Vyhlídka Skalka,49.8283,14.4502
Rozhledna Lenka,50.5635,16.1444
Jelen evropský,50.1569,15.9266
Vyhlídka na Střmen,50.5944,16.1314
Bezděz,50.664,14.4598
"Česká Lípa, Ralsko",50.686,14.4816
Česká Lípa,50.6728,14.4908
Rozhledna Feistův kopec,50.3785,16.3174
Melicharka (skála),49.6835,13.516
Vyhlídka Malhotky 269 m.n.m,49.149,17.0542
Vyhlídka na výsluní,48.9028,16.9472
vyhlídka Radovič,50.2729,14.2508
Vyhlídka Homole,49.9552,14.2781
vyhlídka,49.2442,16.7387
Hajnýho vyhlídka u Májky,48.915,13.7987
Výří skála,49.45,16.3021
Špalkova vyhlídka,48.84,16.0314
Burianova rozhledna (Milena),49.517,16.5137
Vyhlídka Seppa Wudyho,49.2001,13.2163
Krásná vyhlídka,50.6904,14.8848
Vyhlídková plošina,50.1256,14.2808
Vyhlídka Floriánek,48.9083,16.8248
Korunní vyhlídka,50.1876,12.7965
Rozhledna Amálka,50.1151,16.6028
Krtičkova vyhlídka,50.5606,16.2081
Nad Vaněčkem,48.6568,14.5991
U Ludvických Hor,48.6598,14.6008
Malonty U Jákla,48.6822,14.588
rozhledna Holedná,49.2149,16.5443
Vyhlídka z Domaniny,49.012,16.7837
Radechovské skály,50.2781,13.2639
Rozhledna Sofie,50.0053,14.4181
"Česká Lípa, Bezděz",50.6619,14.4817
Kočičí vrch,49.8017,17.431
Český betlém,50.3388,16.1607
Markův kopec,49.538,18.2237
Rozhledna Radošov,48.925,17.4282
Mrtvý muž,49.949,17.0983
Poutníkův trůn,49.8483,14.2262
Ločarův kámen,49.5459,15.5409
Lorelei,49.8195,17.7106
Gräfova vyhlídka,50.1911,17.1774
Kazabrud,50.4965,15.6095
Rozhledna Halaška,49.8115,17.6088
Výhled na Beskydy,49.6306,17.7128
Rozhledna Modrá,49.119,17.4033
Vyhlídka Dominiky Kolowrat Krakovské,49.6298,12.6
jihovýchodní výhled,49.5723,14.0278
severozápadní výhled,49.5739,14.0265
Vyhlídka u rybářské školy,49.1601,14.1777
Kaple Zvěstování Panny Marie,50.422,16.1689
Vyhlídka Karla Zvěřiny,49.1537,14.9691
Rozhledna,49.9955,14.8588
Hájníkův kohout,50.8902,15.2172
výhled na Opičí skálu,50.5896,14.378
Hraběcí kříž,50.0399,13.2961
ptačí pozorovatelna,49.8033,18.2022
Kraví hora,48.634,14.3203
rozhledna u sovy,48.9941,15.4966
Cimburk,49.1036,17.2156
Koryčanská kaple,49.0817,17.1991
Vyhlídková věž,50.2907,14.8232
Rozhledna Blahutovice,49.59,17.878
Polické Insta dveře,50.5232,16.2611
Březový vrch,50.6869,14.1727
minirozhledna,48.9684,14.4215
Rozhledna na Skřivánčím vrchu u Málkova,50.4491,13.3265
Otevřené dveře Nová Ves,50.3515,12.5454
Na Vlčí skále,49.438,14.1984
swing_gate,49.6939,17.4813
Pochopova skála,49.3507,16.2837
Pochopova skála,49.3505,16.2835
Sochorská skála,49.3641,16.2829
Vyhlídka Větrovy,49.3908,14.6473
minirozhledna,49.4605,14.3948
minirozhledna,49.1457,14.5393
rozhledna pod lesem,48.9987,15.5001
Vyhlídka u altánku,49.5431,14.6063
Památná lípa na Láni,49.7929,18.1169
Otova vyhlídka,50.0539,16.6962
Mařenka,49.8326,14.4562
Dveře,49.1782,13.2537
Bezděz,50.5949,14.748
Břehyňský rybník a Máchovo jezero,50.5926,14.7518
Orlí hnízdo,49.3523,16.3697
Rozhledna Božka,49.5852,17.3876
Lesní bar U Krav,49.2432,16.784
Vyhlídka Vladimíra Foltánka,49.2824,16.9461
Vyhlídka u lomu Čertovy schody,49.9172,14.0539
Rozhledna Doubrava,49.1838,17.8729
Rozhledna Kochnov,49.6538,14.6567
vyhlídka Karlov,49.1402,14.9985
Vyhlídka pana Šalamouna,48.6538,14.3655
Pod Budinou,50.5799,14.3566
"Ralsko, Bezděz",50.7157,14.701
Vyhlídka na Kalvárii,50.0667,14.3258
Vyhlídka Medvěd,50.7197,15.4487
Vyhlídka,50.3678,12.805
rozhledna Anička,48.9962,15.9274
Posed,50.2067,14.341
pidirozhledna,49.0726,14.5145
Vyhlídkové místo na Štramberk,49.5931,18.1209
Vyhlídkové místo Nad vlekem,49.1664,17.8357
Rozhledna Kurovický lom,49.2737,17.5201
Heroldova vyhlídka,50.5319,15.033
Okno na Kašperk,49.1714,13.5691
Chacharova vyhlídka,49.8461,18.3007
Zvičina,50.4549,15.6942
Vyhlídka Ovce,50.7196,15.4475
Vyhlídka Horník,50.7193,15.4465
rozhledna Kupa,49.391,14.3911
Buková - viklan,50.7633,15.2434
Holubí skály,50.4417,12.8095
Vyhlídka na Plzeň,49.7919,13.3442
Hadí skála,49.8773,14.4498
Vyhlídka Samuela Šroma,49.1623,17.624
Nová Radnice,49.8417,18.2917
Karvánka,49.9141,13.529
Vřesník,49.5343,15.2497
Vyhlídkové místo Kamínky,49.4813,16.512
vyhlídková plošina,48.9223,13.9058
Masarykova vyhlídka,50.0352,13.923
Drobošova vyhlídka,50.8062,14.6503
Skála smrti,50.2552,17.0542
skalní vyhlídka Pavučina,49.9309,13.5573
Treppenstein,50.8598,14.3936
Vyhlídka Na pilíři,49.7306,13.3821
"Varnsdorf, Tolštejn, Hrádek",50.9268,14.6316
Mufloní vyhlídka,50.461,13.2765
Výhled na Teplické skalní město,50.5804,16.1139
Vyhlídková plošina,49.8742,18.2594
Talblick,50.722,13.7769
Vyhlídka Bednář,49.8253,14.4501
Mohyla Karla Klostermanna,50.3722,12.8282
Starosta a Starostová,50.6123,16.1132
Nývltova vyhlídka,50.2173,15.9684
Zlatý kůň,49.9163,14.066
vyhlídka Boženy Němcové,50.3416,15.9283
Kuhberg -  Kraví Hora,48.634,14.3203
Vyhlídka sv. Kryštofa,49.0804,17.8725
Vlková,49.8851,14.6032
Sokolova vyhlídka,49.3889,12.8436
Halířova skála,49.1862,16.0159
Rossiho vyhlídka,49.5574,16.3111
U Spáleného mostu,49.2759,15.7779
Vyhlídka Karla Löwa,49.4067,15.62
Vyhlídka Jaruš,50.907,15.2058
Exilvorstand der deutschen Sozialdemokratie 1933 bis 1938,50.0919,14.4492
Ve smrčí,49.1663,14.5544
"Vyhlídková věž ""Vikšejn""",49.8043,17.7732
Vyhlídka Vladimíra Horáka,50.6988,14.0625
Vyhlídka Na Hřebeni,50.701,14.0302
Vyhlídka na Jiráskově stezce,50.2069,15.2833
Vyhlídka Triangl,50.9115,15.1986
Dědova vyhlídka,50.2126,14.8541
rozhledna Kelčský Javorník,49.4001,17.7655
Koňská hlava,50.8,14.1209
fotopoint,49.2917,15.4892
Rozhledna Hamštejn,50.6208,15.2409
vyhlídka Vejdoch,49.5361,16.0127
Skautská vyhlídka,50.4706,15.2894
Králův stolec,50.5667,14.6862
Vyhlídková věž kostela sv. Mikuláše,49.5415,15.3592
Vyhlídka na vodní nádrž Plumlov,49.468,17.0403
Mílova vyhlídka,50.529,14.0236
Vyhlídka zamilovaných,48.8952,15.8189
Čtyři douglasky,49.3548,16.6823
Rozhledna nad Šebrovem,49.3348,16.6044
Dvořákova vyhlídka,49.1718,16.0462
LKPR spotting point,50.1153,14.2788
Rufusova vyhlídka,50.5666,14.6846
Hradisko,49.2465,16.6753
Vyhlídka v Holubu,49.274,13.4353
Vyhlídka na Kalvárii,49.2713,13.431
Vyhlídka na Plášti,49.26,13.4388
výhled na Helfenburk,50.5815,14.3819
Výhled na Chudobínskou borovici,49.5695,16.2801
Panoráma Jeseníků,49.657,17.0388
Komárova vyhlídka,49.639,13.3753
Vyhlídka na řeku Berounku,49.7696,13.4198
Vyhlídka pod Bukovou horou,49.5288,13.5499
Římská věž,49.452,17.5327
Vyhlídka U jelena,49.6215,17.6207
Výhled na Kamenec,49.8825,13.5974
Bývalá rozhledna Vidice,49.6072,12.8285
Laďova vyhlídka,50.2094,17.0299
Planýrka,49.2168,16.612
Vyhlídka TGM,49.5173,16.5119
Vyhlídka Barborka,49.2665,17.8286
Všekarská vyhlídka,49.6079,13.0447
Vyhlídka Jaroslava Kuby,50.4933,15.2573
Maxova bouda,50.6612,15.8494
Louka nad Husovou,49.2497,16.6627
Chalupníkova lavička,49.559,16.3272
Orlí skála,49.7232,17.7316
Vyhlídka Šibeňák,50.646,15.2591
Vyhlídka na samotě u lesa,48.7506,14.3055
Horka,48.9367,15.7178
Výří skála,48.9354,15.7082
vyhlídka Miloše Formana,50.5871,14.637
Rozhledna Babylon,50.1159,14.3202
Urbanečský vrch,49.0426,15.4171
Šelenburk,50.0689,17.7277
Vyhlídka na Červenou Vodu,50.0457,16.7526
Vyhlídka Fénix,50.8742,14.2861
Vyhlídka Pohoří,49.3503,13.1488
Oskarova vyhlídka,49.9689,13.7812
Na Floriánu,49.8496,13.6076
Strážná,49.5616,16.9716
Vyhlídka na Janečku,50.6304,15.3173
Fotopoint SRDÍČKO Vršovice,49.8825,17.9387
Skála Rozloučení,50.042,14.4129
rozhledna Vrchovina,50.6455,15.0753
LOVEčka,49.6174,18.1881
Alžbětina vyhlídka,50.4537,15.7072
Okklania,50.2797,16.4699
vyhlídka Cyrila Boudy,50.4896,15.4864
Vyhlídka na Šmahlířce,49.3814,15.3565
Amorova vyhlídka,49.3552,16.3492
Vyhlídka na střeše Krajského úřadu,50.7632,15.0535
Návarovská vyhlídka,50.6782,15.3167
Na Poledník,49.0525,13.4448
Výšina sv. Metoděje,49.059,17.4703
Matějčkova vyhlídka,48.7403,14.422
Rozhledna Mařský vrch,49.0728,13.8479
Rozhledna Libín,48.9788,14.0118
rozhledna Christiana Battaglii,49.3751,13.8139
Pětikostelní kámen,50.8424,14.603
45-135,50.7339,14.2437
Bílá skála,49.5773,13.8434
U Drtiče,49.5747,13.8441
Vyhlídka na Baštu,49.4815,16.6615
Kostelní věž,50.1499,12.5358
Minirozhledna Rumovka,49.5211,13.5284
vyhlídka,49.2251,15.8378
Jelení kámen,50.839,14.5866
Modulární Vyhlídka,50.0672,14.4054
Rozhledna Pancíř,49.1779,13.2538
Rozhledna Milešovka,50.5548,13.9312
Vyhlídka Antonína Bárty,49.5255,13.6653
Jižní vyhlídka,49.8582,13.7612
hledisko,50.6545,15.7473
hledisko,50.6556,15.7456
Výhled na Vlašim,49.725,14.8453
Petřínská rozhledna,50.0835,14.3951
Svatomikulášská městská zvonice,50.0878,14.4036
Prašná brána,50.0872,14.4278
rozhledna Jedlová,50.8567,14.5604
Babylon,49.1272,16.1488
Tribuna T2,49.203,16.4438
Tribuna T3,49.2024,16.4458
Rozhledna Veselý vrch,49.7448,14.3432
Bolfánek,49.4596,13.1626
Kozí hrádek,48.8095,16.6381
Rozhledna na Kostelíčku,49.2094,15.8735
Pípalka,49.4036,15.327
Karasín,49.5582,16.279
Valdická brána,50.4367,15.3534
Šance,49.8505,17.9159
rozhledna císaře Františka Josefa I.,49.3802,17.7018
Tyršova rozhledna,50.085,16.4571
Rozhledna Diana,50.219,12.8723
vyhlídka Karla IV.,50.2163,12.8805
Burianova rozhledna,49.517,16.5136
Vlkova věž,48.8536,16.0513
Radniční věž,48.8555,16.0488
Pražská brána,50.3515,14.476
Rozhledna Brdo,49.1707,17.3082
Zlatý Chlum,50.2381,17.2375
Kamenná Hláska,50.4256,14.2593
Oslednice,49.1804,15.4681
Rozhledna Královka,50.7921,15.1575
Hamelika,49.9721,12.7095
Rozhledna Městská Hora,49.9626,14.0651
rozhledna Chlum,49.7673,13.4305
Bukovanský mlýn,49.0403,17.0912
Rozhledna Havran,49.7432,12.4092
Rozhledna Panorama,50.6489,15.752
Lichtensteinova rozhledna,50.0821,17.7225
rozhledna Fajtův kopec,49.36,16.0261
Rozhledna Bílá hora,49.5943,18.1264
rozhledna Babí lom,49.3051,16.5761
Cyrilka,49.4849,18.2612
Erbenova vyhlídka,50.6787,14.0509
Rozhledna Suchý vrch,50.0522,16.6896
Bismarckova rozhledna,50.0708,12.3064
Hardegger Warte,48.8574,15.861
rozhledna Semněvice,49.6011,12.9272
Rozhledna Kopanina,50.6597,15.1647
Rozhledna na Hraničním vrchu,50.1718,17.6043
Rozhledna na Hraničním vrchu,50.1717,17.6041
Rozhledna Bramberk,50.7563,15.2059
vyhlídková věž,49.6341,17.3404
Černá věž,49.3947,13.2928
Víťova rozhledna,50.6495,14.2767
Helfenburk,50.5792,14.3842
Rozhledna Nisanka,50.7309,15.2142
Vyhlídková vež Gloriet,49.9952,14.5572
Rozhledna Velký Chlum,50.7476,14.2283
Rozhledna Ládví - Vlková,49.8869,14.6125
Rýzmberk,49.407,13.031
Poledník,49.0641,13.3951
Rozhledna Tetřev,49.5107,18.6964
Biskupská kupa (rozhledna),50.2567,17.4286
Rozhledna Velká Buková,50.0325,13.838
Rozhledna Zdenička,49.2171,17.2825
Schillerova rozhledna,50.1722,13.4299
Alexandrova rozhledna,49.2979,16.6727
Rozhledna Dubecko,50.5836,15.2226
rozhledna Milíř,50.1543,15.8336
Korytňanská rozhledna,48.9141,17.6702
Rozhledna Na Vrších,49.8461,13.5757
Vyhlídka u hrušky,49.2334,17.9152
Komáří vížka,50.7066,13.8565
Rozhledna na Svatém kopečku,50.3841,13.2578
Rozhledna Velký Kosíř,49.5483,17.0619
Rozhledna Maják J. Cimrmanna,50.7399,15.3454
Žernovská rozhledna,50.4302,16.052
rozhledna Eliška,50.6294,15.9112
Rozhledna na Vrátenské hoře,50.477,14.6516
Rozhledna Žernovník,49.4052,16.5405
Rozhledna Nová Ves,49.9961,17.2657
Rozhledna Děd,49.9676,14.0342
Kaňk,49.9707,15.2849
rozhledna Chanovice,49.4067,13.7107
Na Strážné,49.2554,17.596
Rozhledna Čížovka,50.4823,15.0859
Na Podluží,48.8629,16.9674
Radniční věž,50.087,14.4207
Rozhledna Hráběcí,49.0196,17.5948
Rozhledna Velký Blaník,49.6419,14.8732
Studený vrch,49.8051,14.0832
Štramberská trúba,49.5924,18.1162
Rozhledna Žalý,50.6582,15.5724
rozhledna Semenec,49.2306,14.4101
Milešovka,50.5548,13.9313
Rozhledna Vitčice (Štátula),49.303,17.2381
Vyhlídková věž,49.1945,16.6
Vyhlídka královny Karoly,49.9785,12.6987
Rozhledna Rumburak,48.9434,15.7148
rozhledna Boubín,48.9912,13.8174
Vyhlídková věž Horšovský Týn,49.5354,12.9384
rozhledna Slovanka,50.7733,15.1963
rozhledna Vysoký Kamýk,49.2313,14.2972
Rozhledna Kozákov,50.5944,15.2631
Klínovec,50.3959,12.9679
Stradonka,50.3724,13.9713
Kratochvílova rozhledna,50.4217,14.2611
Pozorovací lávka u Lučních rybníků,50.2138,12.8542
Rozhledna na Senecké hoře,50.0595,13.7253
Tribuna T5,49.2026,16.4451
Tribuna,49.2036,16.4595
Tribuna,49.2039,16.4594
Tribuna T1,49.2075,16.4541
Pastýřka,49.7461,16.6645
Rozhledna Krásenský vrch,50.1016,12.7864
Rozhledna Sněžník,50.793,14.1085
Vartovna,49.27,17.9388
Rozhledna Vinice,50.0777,14.7304
rozhledna Kraví hora,48.7309,14.7199
Rozhledna na Kotli,49.7118,13.5958
Rozhledna Mokrá-Horákov,49.2231,16.755
rozhledna Svákov,49.2664,14.6948
Rozhledna Kopaninka,49.4611,16.8784
Kaple Nejsvětější Trojice,49.9156,18.2691
Veselská rozhledna,49.6431,17.8093
Klucanina rozhledna,49.3467,16.4405
Rozhledna Hořidla,50.5408,14.2681
Rozhledna U Zámečku,50.5168,14.0582
rozhledna,49.2007,17.3857
Pepř,49.8871,14.4832
Rozhledna Jeřabina,50.6128,13.521
Vyhlídková věž kostela,49.3952,15.593
Rozhledna Velký Roudný,49.8912,17.5226
Rozhledna U Marešů,49.7788,16.1064
Špulka,49.7935,14.8258
Pozorovatelna Durch,49.1467,18.0791
Rozhledna Hradišť,50.3956,14.7068
Staroměstská mostecká věž,50.0862,14.4136
Malostranská mostecká věž,50.0873,14.4069
Ruprechtický Špičák,50.6611,16.2814
rozhledna Romanka,50.2538,15.0827
Rozhledna na Šibeníku,50.3629,16.2546
rozhledna Krudum,50.1375,12.7292
Rozhledna Velký Lopeník,48.9167,17.7826
Rozhledna U Cyrila Bureše,49.1339,18.0384
Rozhledna Maruška,49.3659,17.8284
Strážný vrch,49.7862,16.5828
Střekovská vyhlídka,50.6525,14.0604
rozhledna Bučina,50.256,13.0044
Rozhledna Dalibor,48.8702,16.7497
vyhlídka na Harrachov,50.7623,15.4308
Toulovcova rozhledna,49.8145,16.1634
rozhledna Tanečníce;rozhledna Tanečnice,50.9661,14.32
Drtinova rozhledna,49.7645,14.3764
Boží vyhlídka,50.4054,12.9325
rozhledna Hradiště - Závist,49.9623,14.408
Rozhledna,50.3014,16.3977
Rozhledna Slatina,49.8032,17.9843
Křivoš,49.373,16.3715
Svatobor - rozhledna,49.2355,13.4875
Vyhlídková věž kostela sv. Jiljí,49.0513,15.8088
rozhledna Salaš,49.1428,17.3522
Zuberský kopec,49.7815,15.8018
Langova rozhledna,49.5591,14.2379
Dalimilova rozhledna,50.1952,16.9806
Rozhledna Dobrá Voda,48.7724,14.0326
Korunka,49.9159,14.298
rozhledna Landek,49.8677,18.2728
Podhledna Svinná,49.8941,16.3889
rozhledna Vochlice,50.1524,13.3169
gloriet Klobouk,49.4083,12.9934
Rozhledna Na Kopečku,49.9163,15.5558
Rozhledna Šiška,50.079,14.3569
Spešovská rozhledna,49.4012,16.6091
Rozhledna Dymník,50.941,14.5251
Ploučnická vyhlídka,50.737,14.3084
Rozhledna Ježník,50.097,17.631
vyhlídka Na Cihelně,49.6908,13.1202
Rozhledna Vysoká,49.9426,15.1896
Výhledna Bořanovice,50.1789,14.4686
Barborka,49.9636,15.6367
Rosička,49.5385,15.8426
Rozhledna Liberecká výšina,50.7782,15.0917
Čebínka,49.3199,16.4847
Přístřešek s ochozem Zamčiska,49.6111,18.7373
Ptačí pozorovatelna Girov,49.606,18.737
Rozhledna Březinka,49.6258,12.812
Rozhledna Floriánka,49.0378,17.3264
Rozhledna Lhotka,49.996,14.1074
Rozhledna Zlobice,49.3221,16.5184
Horní les,49.5908,16.341
Súsedská,49.0264,17.1919
