name,lat,lon,darkness_value,falchi_category
Mělnická vyhlídka,50.388,14.2923,0.24211289,Světle modrá (Střední znečištění)
Malý Rabštýn,49.7229,17.4518,0.12711267,Modrá (Mírné znečištění)
Vysoký kámen,50.3006,12.4081,0.09396863,Modrá (Mírné znečištění)
Křížový kámen,50.8841,14.2802,0.11305099,Modrá (Mírné znečištění)
Horní vyhlídka Edmundova kamene,50.8852,14.2808,0.11305099,Modrá (Mírné znečištění)
Krásná Máří,50.8524,15.182,0.13954967,Modrá (Mírné znečištění)
Tolštejn,50.8569,14.5817,0.13970156,Modrá (Mírné znečištění)
Komáří hůrka,50.7066,13.8564,0.26980686,Světle modrá (Střední znečištění)
Ptačí kámen,50.8589,14.3339,0.11081897,Modrá (Mírné znečištění)
Vilemínina stěna,50.8632,14.4039,0.099401325,Modrá (Mírné znečištění)
svatý Jan Nepomucký,49.7467,14.3641,0.11481146,Modrá (Mírné znečištění)
Hrádek,49.4312,12.8622,0.13133,Modrá (Mírné znečištění)
Drážďanská vyhlídka,50.7948,14.0981,0.19057356,Světle modrá (Střední znečištění)
Vojtěchův kopec,49.7281,15.9773,0.0897005,Modrá (Mírné znečištění)
Masarykova vyhlídka,50.0916,14.3951,3.9275193,Oranžová (Extrémní znečištění)
Velká skála,49.3545,16.4183,0.3523172,Tmavě zelená (Znečištěná)
Vyhlídka Emy Destinnové,50.1174,14.482,3.2547991,Oranžová (Extrémní znečištění)
U Lvíčka,50.553,15.1763,0.16917105,Světle modrá (Střední znečištění)
Křížový vrch,49.8629,17.1784,0.0999106,Modrá (Mírné znečištění)
Roh hranic,50.6744,15.8608,0.118773535,Modrá (Mírné znečištění)
Pražská vyhlídka,50.3841,14.2886,0.23341782,Světle modrá (Střední znečištění)
vyhlídka na České středohoří (západní část),50.3891,14.288,0.23982622,Světle modrá (Střední znečištění)
Roudnická vyhlídka,50.3893,14.2884,0.23982622,Světle modrá (Střední znečištění)
Máchova vyhlídka,50.4402,14.5788,0.15212494,Modrá (Mírné znečištění)
Hornek,49.2315,16.7172,0.47618178,Tmavě zelená (Znečištěná)
Pokličky,50.4552,14.5894,0.13755102,Modrá (Mírné znečištění)
Výhled na přehradu Souš,50.7994,15.3246,0.11772445,Modrá (Mírné znečištění)
Ostrý,50.5315,13.9515,0.1995384,Světle modrá (Střední znečištění)
Zelenohorská vyhlídka,49.0827,13.4361,0.033407856,Šedá (Téměř přirozená)
Vyhlídka Havlova skála,49.9098,13.5526,0.10514714,Modrá (Mírné znečištění)
Paličník,50.8715,15.2576,0.11500226,Modrá (Mírné znečištění)
Soví vyhlídka,50.9342,14.4292,0.102289625,Modrá (Mírné znečištění)
Holubník,50.8407,15.1835,0.13483444,Modrá (Mírné znečištění)
Ptačí kupy,50.847,15.1737,0.142671,Modrá (Mírné znečištění)
řopík,50.2422,14.3056,1.2336674,Zelená (Silné znečištění)
Doubravská hora,50.639,13.8597,0.642071,Zelená (Silné znečištění)
Czeskie Kamienie / Mužské kameny,50.7769,15.5911,0.103499204,Modrá (Mírné znečištění)
Krakonoš,50.734,15.6649,0.10546108,Modrá (Mírné znečištění)
Minická skála,50.2186,14.2877,0.6169277,Tmavě zelená (Znečištěná)
Louštín,50.1639,13.7937,0.14099227,Modrá (Mírné znečištění)
U Tety,49.7478,16.5794,0.12502599,Modrá (Mírné znečištění)
Devět skal,49.6707,16.0322,0.07768817,Tmavě modrá (Slabé znečištění)
Skalní hrad,50.8722,15.0894,0.17626138,Světle modrá (Střední znečištění)
Kočičí kameny,50.8869,15.2311,0.13411497,Modrá (Mírné znečištění)
Přerovská hůra,50.162,14.8398,0.33538672,Tmavě zelená (Znečištěná)
Břístevská hůra,50.1376,14.8516,0.32037538,Tmavě zelená (Znečištěná)
vyhlídka Na Horizontu,49.724,13.4381,0.8048529,Zelená (Silné znečištění)
Dolní můstek,49.3737,16.7292,0.19688983,Světle modrá (Střední znečištění)
Mariánská vyhlidka,50.548,15.1935,0.16821498,Světle modrá (Střední znečištění)
Vyhlídka nad Výrovkou,50.7179,15.6828,0.102891855,Modrá (Mírné znečištění)
Sněžník,49.276,14.8952,0.08067372,Modrá (Mírné znečištění)
Dračí vrch,50.8095,15.0778,0.3595921,Tmavě zelená (Znečištěná)
Panská skála,49.8751,14.5647,0.2939185,Světle modrá (Střední znečištění)
Kamenná brána,50.5311,16.3107,0.11505058,Modrá (Mírné znečištění)
Koruna,50.5219,16.3254,0.11506824,Modrá (Mírné znečištění)
Hlavatice,50.5696,15.1555,0.24443027,Světle modrá (Střední znečištění)
Ambrožova vyhlídka,50.7626,15.5455,0.097489566,Modrá (Mírné znečištění)
Pančavský vodopád,50.7612,15.5452,0.096171305,Modrá (Mírné znečištění)
Milovské perníčky,49.6936,16.0879,0.08377059,Modrá (Mírné znečištění)
Čtyři palice,49.6868,16.0932,0.08234183,Modrá (Mírné znečištění)
Chalupská Slat,48.9982,13.6592,0.03926988,Šedá (Téměř přirozená)
Kamenická vyhlídka,50.8503,14.3444,0.11292338,Modrá (Mírné znečištění)
Mariina skála,50.8604,14.405,0.104693115,Modrá (Mírné znečištění)
Čerchov u Nižbora,50.0048,13.9779,0.18840846,Světle modrá (Střední znečištění)
Skalka,49.2476,16.5904,1.2252913,Zelená (Silné znečištění)
Kalvárie,50.5643,15.1645,0.23891118,Světle modrá (Střední znečištění)
Zdenčina skála,50.6066,15.1932,0.19879015,Světle modrá (Střední znečištění)
Vyhlídka Klubačice,49.5603,16.3142,0.09489253,Modrá (Mírné znečištění)
Dolní Bílý ostroh,50.8741,14.2443,0.16440493,Světle modrá (Střední znečištění)
Šaunštejn,50.8687,14.3521,0.1038346,Modrá (Mírné znečištění)
Vožický výhled,49.5323,14.8145,0.13567354,Modrá (Mírné znečištění)
Holý vrch,49.7721,13.4458,0.5829937,Tmavě zelená (Znečištěná)
Kamenná vrata,50.7372,14.977,0.28792644,Světle modrá (Střední znečištění)
Červený kámen,50.7312,14.9738,0.2630553,Světle modrá (Střední znečištění)
Na stráži,50.7338,14.5844,0.23282792,Světle modrá (Střední znečištění)
Otvovická skála,50.2156,14.279,0.58498585,Tmavě zelená (Znečištěná)
Hotel Myslivna,49.1887,16.5538,1.4885719,Žlutá (Velmi silné znečištění)
Babylon,49.3848,16.3598,0.13611214,Modrá (Mírné znečištění)
Žuráň,49.1798,16.7384,0.636291,Tmavě zelená (Znečištěná)
Lipno Panorama,48.7164,14.0793,0.050792497,Tmavě modrá (Slabé znečištění)
Růžový hřbety,50.8013,14.2445,0.29165843,Světle modrá (Střední znečištění)
Růžová vyhlídka,50.8063,14.2441,0.23335007,Světle modrá (Střední znečištění)
Válečná díra,50.8213,14.357,0.13093798,Modrá (Mírné znečištění)
Klíč,50.7886,14.5727,0.16088195,Světle modrá (Střední znečištění)
Helfenburk,49.1362,14.0067,0.07257966,Tmavě modrá (Slabé znečištění)
Klimentova vyhlídka,49.8648,14.4579,0.28688315,Světle modrá (Střední znečištění)
Hvíždinec,49.9068,14.2673,0.35435802,Tmavě zelená (Znečištěná)
vyhlídka na Mikulce,49.7658,13.3822,1.6039511,Žlutá (Velmi silné znečištění)
Pechova smrt,50.8957,15.2549,0.114861585,Modrá (Mírné znečištění)
Špičák,50.8644,15.0742,0.18938528,Světle modrá (Střední znečištění)
Husova vyhlídka,50.1111,16.2209,0.21032295,Světle modrá (Střední znečištění)
Košťál,50.4902,13.9848,0.22169903,Světle modrá (Střední znečištění)
Holý vrch,50.5026,13.9784,0.20485525,Světle modrá (Střední znečištění)
Hrad Střmen,50.5942,16.1384,0.110648096,Modrá (Mírné znečištění)
U Roklin,50.5916,16.1226,0.1072756,Modrá (Mírné znečištění)
Popovský kříž,50.338,12.9238,0.1606487,Světle modrá (Střední znečištění)
Brdlice,49.881,17.9358,0.26863402,Světle modrá (Střední znečištění)
Dobrý duch MUHU,50.8941,15.1964,0.183696,Světle modrá (Střední znečištění)
Čertův odpočinek,50.8245,15.213,0.13225889,Modrá (Mírné znečištění)
Jezdec,50.7975,15.0928,0.3666933,Tmavě zelená (Znečištěná)
Na Kalvárii,50.066,14.3276,2.6708322,Oranžová (Extrémní znečištění)
Raisova vyhlídka,49.8604,14.4655,0.26011756,Světle modrá (Střední znečištění)
Vyhlídka Vildy Jakše,49.8629,14.4602,0.29354212,Světle modrá (Střední znečištění)
Altán u Tří Křížů,50.2271,12.8865,0.5805844,Tmavě zelená (Znečištěná)
Dušanova vyhlídka,50.6496,13.6846,0.25683123,Světle modrá (Střední znečištění)
Vraní skála,49.9277,13.9411,0.18122855,Světle modrá (Střední znečištění)
Pavlova vyhlídka,49.3674,12.7732,0.065499574,Tmavě modrá (Slabé znečištění)
vyhlídka E. Maxe,50.7318,14.5884,0.23282792,Světle modrá (Střední znečištění)
Hraběnčina vyhlídka,50.7331,14.5905,0.23282792,Světle modrá (Střední znečištění)
Maxmiliánova vyhlídka,50.7338,14.5937,0.21355559,Světle modrá (Střední znečištění)
Mikovcova vyhlídka,50.7347,14.5962,0.21355559,Světle modrá (Střední znečištění)
Klamorna,50.5278,15.0342,0.24255405,Světle modrá (Střední znečištění)
Kazatelna,50.2118,12.8665,0.3472835,Tmavě zelená (Znečištěná)
Vyhlídka Petra Velikého,50.2228,12.8794,0.70367897,Zelená (Silné znečištění)
Vranovský hřeben,50.6453,15.181,0.22506379,Světle modrá (Střední znečištění)
Pecinova vyhlídka,50.6294,15.1777,0.21540661,Světle modrá (Střední znečištění)
Havraní skály,50.7669,14.5877,0.21100965,Světle modrá (Střední znečištění)
Jestřebické pokličky,50.4632,14.5868,0.13143566,Modrá (Mírné znečištění)
Šafářova skála,50.4089,16.8962,0.09074946,Modrá (Mírné znečištění)
Výhled na Plešné jezero,48.7765,13.8575,0.035495404,Šedá (Téměř přirozená)
Kučerova vyhlídka,48.7747,13.8554,0.035495404,Šedá (Téměř přirozená)
Vyhlídka Nad Soutěskou,48.8648,16.6432,0.15261525,Modrá (Mírné znečištění)
Děčínská výšina,50.789,14.2353,0.42516902,Tmavě zelená (Znečištěná)
Stoličná hora,50.7852,14.2276,0.7674308,Zelená (Silné znečištění)
Ponorka,50.8106,14.4222,0.17395912,Světle modrá (Střední znečištění)
Žába,50.8104,14.4207,0.17395912,Světle modrá (Střední znečištění)
Žába II,50.8087,14.426,0.16422226,Světle modrá (Střední znečištění)
Hořákova,50.6296,15.1985,0.20824063,Světle modrá (Střední znečištění)
Hallamasskova vyhlídka,48.8935,15.8101,0.066581845,Tmavě modrá (Slabé znečištění)
Vyhlídka „Libverdských pramenů“,50.8921,15.19,0.19096231,Světle modrá (Střední znečištění)
Velké Hradisko,49.8019,16.1705,0.09427445,Modrá (Mírné znečištění)
Raškova vyhlídka,49.5836,18.1629,0.39282703,Tmavě zelená (Znečištěná)
Pechova vyhlídka,50.4667,15.2868,0.14626269,Modrá (Mírné znečištění)
Nad podkovou,49.6273,14.2022,0.086180404,Modrá (Mírné znečištění)
Chebská stráž,50.0835,12.3416,0.4688214,Tmavě zelená (Znečištěná)
Vyhlídka čtyř ročních období,48.8554,16.042,1.0315042,Zelená (Silné znečištění)
Na Plazu,49.9385,13.6558,0.08215795,Modrá (Mírné znečištění)
Dívčí kámen,49.8813,15.587,0.16107073,Světle modrá (Střední znečištění)
Homole,49.9443,14.3982,0.63915205,Tmavě zelená (Znečištěná)
Pasecká skála,49.6156,16.0815,0.09401756,Modrá (Mírné znečištění)
Tři kameny,50.105,17.0479,0.07738724,Tmavě modrá (Slabé znečištění)
vyhlídka Míru,50.4666,15.2912,0.14626269,Modrá (Mírné znečištění)
vyhlídka Českého ráje,50.4667,15.2897,0.14626269,Modrá (Mírné znečištění)
Hlaholská vyhlídka,50.467,15.2957,0.15158527,Modrá (Mírné znečištění)
Všetečkova vyhlídka,50.4677,15.2906,0.14626269,Modrá (Mírné znečištění)
Vyhlídka pražského pěveckého sboru Křížkovský,50.4664,15.2992,0.15158527,Modrá (Mírné znečištění)
Horní můstek,49.3731,16.7293,0.19688983,Světle modrá (Střední znečištění)
Vysoký Ostrý,50.6364,14.0802,0.42890748,Tmavě zelená (Znečištěná)
Pozorovatelny,49.7626,13.9235,0.1106852,Modrá (Mírné znečištění)
Pozorovatelny,49.7637,13.9265,0.114290744,Modrá (Mírné znečištění)
Jindřichova skála,49.768,13.8818,0.10527028,Modrá (Mírné znečištění)
Dopadová plocha,49.7256,13.8675,0.087696016,Modrá (Mírné znečištění)
Čap,50.5547,14.4758,0.1245247,Modrá (Mírné znečištění)
Smrtka,50.637,14.44,0.21969864,Světle modrá (Střední znečištění)
Ronov,50.6204,14.4147,0.14701071,Modrá (Mírné znečištění)
Výří skála,49.3341,16.6472,0.31889564,Světle modrá (Střední znečištění)
Čertův stolek,49.714,15.7124,0.11917089,Modrá (Mírné znečištění)
Železné schody,48.825,15.9674,0.1318699,Modrá (Mírné znečištění)
Vrkoč,50.6309,14.0452,0.614438,Tmavě zelená (Znečištěná)
Na hřebínku,50.032,13.8626,0.13429236,Modrá (Mírné znečištění)
Alpská vyhlídka,49.0042,13.6931,0.039908014,Šedá (Téměř přirozená)
Králův stolec,48.8445,16.0035,0.21298476,Světle modrá (Střední znečištění)
Sealsfieldův kámen,48.8372,15.9982,0.17314547,Světle modrá (Střední znečištění)
rotunda Sv. Kateřiny,48.855,16.0434,1.0315042,Zelená (Silné znečištění)
Karolínina brána,48.8542,16.0459,1.0315042,Zelená (Silné znečištění)
Sněžnická vyhlídka,50.788,14.2332,0.4861298,Tmavě zelená (Znečištěná)
"Panoramic view of the lake, Pruhonice",50.0003,14.5573,1.4955664,Žlutá (Velmi silné znečištění)
Chocholka,50.5862,15.469,0.12652978,Modrá (Mírné znečištění)
Janova vyhlídka,50.5565,15.1734,0.19311774,Světle modrá (Střední znečištění)
Zámecká vyhlídka,50.5464,15.1932,0.16821498,Světle modrá (Střední znečištění)
Lohhauser,49.9344,12.5337,0.06279936,Tmavě modrá (Slabé znečištění)
U Trojice,50.0375,13.8749,0.13743815,Modrá (Mírné znečištění)
Sedlo,49.19,13.5693,0.061445035,Tmavě modrá (Slabé znečištění)
Pod Janíkem,49.5462,18.1979,0.45207644,Tmavě zelená (Znečištěná)
Malá Skála,50.6193,14.0551,0.3629949,Tmavě zelená (Znečištěná)
Hradiště,49.8113,13.6178,0.14851919,Modrá (Mírné znečištění)
Vyhlídka Havránka,50.1199,14.4219,2.8807688,Oranžová (Extrémní znečištění)
Bohdalec,49.6226,16.1438,0.08491739,Modrá (Mírné znečištění)
Skalka,49.2241,16.7542,0.47899625,Tmavě zelená (Znečištěná)
Lom Hády,49.2199,16.6742,1.2544203,Zelená (Silné znečištění)
Plešivec,50.566,14.0881,0.26825458,Světle modrá (Střední znečištění)
Krkavčí skála,50.5864,14.0846,0.25134805,Světle modrá (Střední znečištění)
Hradiště,50.5689,14.1138,0.28687698,Světle modrá (Střední znečištění)
Vyhlídka Vojty Náprstka,49.2955,14.4799,0.17636867,Světle modrá (Střední znečištění)
Hrad Krupka,50.6849,13.8559,0.582237,Tmavě zelená (Znečištěná)
Malá skála,49.1364,16.2467,0.15204501,Modrá (Mírné znečištění)
Harrachova skála,50.7285,15.5747,0.12643088,Modrá (Mírné znečištění)
vyhlídka,50.676,14.0751,0.8514355,Zelená (Silné znečištění)
Na Oklikách,49.0985,16.3996,0.35070154,Tmavě zelená (Znečištěná)
Krašov,49.9489,13.5887,0.08416201,Modrá (Mírné znečištění)
Hradčanská vyhlídka,50.6179,14.6976,0.13962758,Modrá (Mírné znečištění)
Bílá skála,49.8216,13.6506,0.11881636,Modrá (Mírné znečištění)
Wilsonova vyhlídka,49.1615,16.0898,0.13502263,Modrá (Mírné znečištění)
Květnice,49.3584,16.4146,0.3044184,Světle modrá (Střední znečištění)
chata Hrádek,49.6169,18.7709,0.19788986,Světle modrá (Střední znečištění)
Juránkova vyhlídka,50.3409,16.1592,0.21511789,Světle modrá (Střední znečištění)
Koníček,50.3732,16.1862,0.16651727,Světle modrá (Střední znečištění)
Trniště,50.7741,15.1578,0.3166058,Světle modrá (Střední znečištění)
Nedvězí,50.507,14.5292,0.124905325,Modrá (Mírné znečištění)
Divoký důl,50.0793,17.2029,0.06222279,Tmavě modrá (Slabé znečištění)
Vyhlídka Finkenstein 688m,50.7426,15.2431,0.3036499,Světle modrá (Střední znečištění)
Skalní vyhlídka,50.7517,15.2813,0.25154305,Světle modrá (Střední znečištění)
Bílá skála,50.7396,15.3753,0.13165072,Modrá (Mírné znečištění)
BOROVSKÉ SKÁLY,50.731,15.4057,0.13078527,Modrá (Mírné znečištění)
Šulíkova skála,50.7304,15.3237,0.2473903,Světle modrá (Střední znečištění)
Terezínka,50.7304,15.3059,0.31445855,Světle modrá (Střední znečištění)
Frýdlantské Cimbuří,50.8562,15.2171,0.12431101,Modrá (Mírné znečištění)
Vyhlídka na jihozápad,50.3852,14.2878,0.23341782,Světle modrá (Střední znečištění)
Albertovy skály,49.7254,14.3681,0.107299455,Modrá (Mírné znečištění)
Velká Panoráma,50.6117,16.1132,0.10833636,Modrá (Mírné znečištění)
Javorový kopec,49.5863,16.3263,0.08798347,Modrá (Mírné znečištění)
Böhmova vyhlídka,50.6206,15.3053,0.21641687,Světle modrá (Střední znečištění)
Hradek,50.3782,14.925,0.55575883,Tmavě zelená (Znečištěná)
kamenné moře,50.1568,16.7906,0.06139506,Tmavě modrá (Slabé znečištění)
Švédské šance,50.3888,14.927,0.79354596,Zelená (Silné znečištění)
Labska vyhlidka,50.8286,14.2192,0.18797234,Světle modrá (Střední znečištění)
Plánický hřeben,49.4285,13.2752,0.22877483,Světle modrá (Střední znečištění)
Vyhlídka nad Tanvaldem,50.735,15.3114,0.2849588,Světle modrá (Střední znečištění)
Velká klečová louka,50.8312,15.2444,0.114248745,Modrá (Mírné znečištění)
Jelínkův most,49.9155,14.0485,0.3802989,Tmavě zelená (Znečištěná)
Skalní vyhlídka,50.7504,15.3758,0.12804517,Modrá (Mírné znečištění)
Rysí skála,50.0883,17.1486,0.069320485,Tmavě modrá (Slabé znečištění)
Bellarie,49.8459,17.8476,0.17831436,Světle modrá (Střední znečištění)
Černá stěna,50.8579,15.2306,0.120674685,Modrá (Mírné znečištění)
Muchov,50.7247,15.2934,0.25897452,Světle modrá (Střední znečištění)
Vyhlídka,50.3854,14.2911,0.23341782,Světle modrá (Střední znečištění)
Clementsova vyhlídka,49.9777,12.7127,0.3224752,Tmavě zelená (Znečištěná)
Vyhlídka Hartwiga Rupperta,50.1007,12.7896,0.10761829,Modrá (Mírné znečištění)
Průrva Ploučnice,50.6872,14.7634,0.2498254,Světle modrá (Střední znečištění)
Rotštejn,50.5943,15.2242,0.17337242,Světle modrá (Střední znečištění)
Máj (448 m),49.8311,14.456,0.20259899,Světle modrá (Střední znečištění)
Výhled u posedu,50.7952,15.3325,0.12513243,Modrá (Mírné znečištění)
Beethovenova vyhlídka,49.861,17.8741,0.20880921,Světle modrá (Střední znečištění)
Leonardova vyhlídka,49.8612,17.8735,0.20880921,Světle modrá (Střední znečištění)
Vyhlídka Liška,50.7199,15.4489,0.12245186,Modrá (Mírné znečištění)
Vyhlídka na hrad Potštejn,50.0754,16.3014,0.13201751,Modrá (Mírné znečištění)
Skalní vyhlídka,50.1988,17.0989,0.08307781,Modrá (Mírné znečištění)
Barunčina vyhlídka,50.4477,15.9981,0.14344144,Modrá (Mírné znečištění)
Vinařická hora,50.1851,14.0864,0.47225553,Tmavě zelená (Znečištěná)
Slavíček,50.7299,14.6021,0.19997956,Světle modrá (Střední znečištění)
Výhled na Štěpánku,50.7619,15.3618,0.13869032,Modrá (Mírné znečištění)
Zelená budka,49.7333,17.307,0.3297084,Tmavě zelená (Znečištěná)
Velký medlánecký kopec,49.2344,16.5679,1.7759377,Žlutá (Velmi silné znečištění)
Výhled na Český Šumburk,50.7296,15.3395,0.19084264,Světle modrá (Střední znečištění)
Puklá skála,50.6946,13.5857,0.13223138,Modrá (Mírné znečištění)
Vlčina,49.5427,18.1951,0.39911819,Tmavě zelená (Znečištěná)
Koňská vyhlídka,50.1832,17.1015,0.073359065,Tmavě modrá (Slabé znečištění)
Rajmanova vyhlídka,50.3231,12.7343,0.20162395,Světle modrá (Střední znečištění)
Krásná stráň,49.9421,14.2704,0.50586283,Tmavě zelená (Znečištěná)
Vyhlídka u sv. Jana,49.5382,17.7455,0.37909865,Tmavě zelená (Znečištěná)
Vrše,49.1209,17.2624,0.12857793,Modrá (Mírné znečištění)
Hanesova vyhlídka,50.0091,16.698,0.089185506,Modrá (Mírné znečištění)
Mlynářův kámen,50.5961,14.0314,0.31542507,Světle modrá (Střední znečištění)
Vyhídka u Dubice,50.5933,14.0283,0.293442,Světle modrá (Střední znečištění)
Bartůňkova vyhlídka,49.7213,14.3672,0.107299455,Modrá (Mírné znečištění)
Vyhlídka Opata Zaorala,49.7398,14.4044,0.10691333,Modrá (Mírné znečištění)
Třeštibok,49.877,14.4521,0.30624977,Světle modrá (Střední znečištění)
Koukolova hora,49.9202,14.0233,0.29581177,Světle modrá (Střední znečištění)
Vysoký kámen,50.4055,16.9315,0.09298148,Modrá (Mírné znečištění)
Doskočilova vyhlídka,50.0035,16.2343,0.24667186,Světle modrá (Střední znečištění)
Čertovy kazatelny,50.3686,16.9927,0.096543595,Modrá (Mírné znečištění)
Dánské kameny,50.7487,14.9595,0.25716963,Světle modrá (Střední znečištění)
Liběhrad,50.2037,14.3626,0.8737299,Zelená (Silné znečištění)
"Vyhlídka ""u Martina""",49.2506,16.9145,0.25343743,Světle modrá (Střední znečištění)
Zouvalka,49.2522,17.0162,0.25303403,Světle modrá (Střední znečištění)
Rajovské skály,48.843,14.3749,0.1858265,Světle modrá (Střední znečištění)
Zaječí skok,49.4137,15.5345,0.33712232,Tmavě zelená (Znečištěná)
Vyhlidka na Český ráj,50.5678,15.2993,0.14691897,Modrá (Mírné znečištění)
Kinského vyhlídka,50.912,14.4563,0.112677276,Modrá (Mírné znečištění)
Vlčí kámen,50.6777,13.7357,0.29305723,Světle modrá (Střední znečištění)
Rogalová rampa,50.3616,13.1704,0.12993106,Modrá (Mírné znečištění)
Raisova vyhlídka,50.5618,15.1276,0.20788972,Světle modrá (Střední znečištění)
Holenická vyhlídka na Trosky,50.5217,15.3168,0.1429334,Modrá (Mírné znečištění)
Švamberk view,50.2662,16.1164,0.24729891,Světle modrá (Střední znečištění)
Chateau view,50.2633,16.1172,0.22557771,Světle modrá (Střední znečištění)
Baba - 639,49.7321,17.4247,0.13014798,Modrá (Mírné znečištění)
Zelený vrch,50.8207,15.2823,0.11413192,Modrá (Mírné znečištění)
Šibenik,50.5561,15.9063,0.61096895,Tmavě zelená (Znečištěná)
Řípská vyhlídka,50.5048,14.5404,0.1229308,Modrá (Mírné znečištění)
Krkatá bába,49.3821,16.5293,0.18841454,Světle modrá (Střední znečištění)
Solárka,49.5809,18.3198,0.27639207,Světle modrá (Střední znečištění)
Nickerlova vyhlídka,49.9664,14.4115,0.95230335,Zelená (Silné znečištění)
Zámeček,49.8027,16.1685,0.09427445,Modrá (Mírné znečištění)
Dutý buk,50.9742,14.4238,0.10710563,Modrá (Mírné znečištění)
Metodka,49.6064,16.1473,0.08785333,Modrá (Mírné znečištění)
Arberblick,49.1281,13.2317,0.07358336,Tmavě modrá (Slabé znečištění)
U Čtyř buků,50.7587,15.431,0.11517845,Modrá (Mírné znečištění)
Emergency hut,49.9544,14.7736,0.29166174,Světle modrá (Střední znečištění)
Náklo,48.9384,17.1374,0.23264368,Světle modrá (Střední znečištění)
Vyhlídka Václava Hrubého,48.9334,13.7085,0.05036993,Tmavě modrá (Slabé znečištění)
Bosenská skála,50.7362,15.384,0.12987843,Modrá (Mírné znečištění)
Skalní vyhlídka,50.7392,15.4067,0.12570006,Modrá (Mírné znečištění)
U obrázku,49.8912,14.4678,0.36330235,Tmavě zelená (Znečištěná)
Výhled na hrad Kašperk,49.1653,13.5694,0.05962255,Tmavě modrá (Slabé znečištění)
Labská vyhlídka Elisafex,50.8738,14.2364,0.18191679,Světle modrá (Střední znečištění)
Klostermannova vyhlídka,49.1014,13.4801,0.041464802,Tmavě modrá (Slabé znečištění)
Halda Ema,49.8397,18.3146,2.0406454,Žlutá (Velmi silné znečištění)
Vápenný,50.7888,14.8974,0.17550778,Světle modrá (Střední znečištění)
Krkavčí skály,50.7421,14.8917,0.16740622,Světle modrá (Střední znečištění)
Pohled od sjezdovky Morávka - Sviňorky směrem severovýchod,49.5887,18.5169,0.1849868,Světle modrá (Střední znečištění)
Křížový Vrch,50.6244,16.1264,0.11591946,Modrá (Mírné znečištění)
Vyhlídka Špička Brnky,50.1484,14.4019,1.4101328,Žlutá (Velmi silné znečištění)
Aussichts-Kanzel,49.0611,13.3957,0.032353412,Šedá (Téměř přirozená)
Pohled z úbočí Malého Travného,49.5607,18.5436,0.12380829,Modrá (Mírné znečištění)
Mache,50.5943,14.0828,0.2629314,Světle modrá (Střední znečištění)
Taková hezká skála,50.6034,14.9754,0.15755801,Modrá (Mírné znečištění)
"Motýlí vrch, Ferdinandka",49.6945,13.991,0.43543255,Tmavě zelená (Znečištěná)
Vyhlídka na Kapelu,50.5512,15.179,0.16917105,Světle modrá (Střední znečištění)
Bednář,49.8259,14.4506,0.19051243,Světle modrá (Střední znečištění)
Lovošská Pískovna,50.5242,14.0394,0.44763532,Tmavě zelená (Znečištěná)
Velká Deštná - jih,50.3006,16.3978,0.07880419,Tmavě modrá (Slabé znečištění)
vyhlídka pod Šerlichem,50.3261,16.3869,0.093324184,Modrá (Mírné znečištění)
vyhlídka na Studeném,50.2928,16.3715,0.083206676,Modrá (Mírné znečištění)
Bezručova vyhlídka,49.7128,18.3634,0.64347804,Zelená (Silné znečištění)
Vyhlídka U Rybárny,49.3866,14.1683,0.09155822,Modrá (Mírné znečištění)
Vyhlídka Srdce,49.6656,14.2476,0.09554379,Modrá (Mírné znečištění)
Klosova vyhlídka,50.3494,16.1535,0.30223644,Světle modrá (Střední znečištění)
Kluk,49.6575,13.3571,0.32483527,Tmavě zelená (Znečištěná)
Nad Zdejcinou,49.9787,14.0381,0.36589164,Tmavě zelená (Znečištěná)
Nad Zdejcinou,49.9789,14.0448,0.41896063,Tmavě zelená (Znečištěná)
Nad Marastkem,49.5928,13.7284,0.06587176,Tmavě modrá (Slabé znečištění)
Nad Horními Albeřicemi,50.6902,15.8569,0.11173796,Modrá (Mírné znečištění)
Lasocki Grzbiet,50.7301,15.8317,0.111507215,Modrá (Mírné znečištění)
Śląskie Kamienie,50.776,15.6028,0.105762005,Modrá (Mírné znečištění)
Šumavská vyhlídka,49.4292,13.2967,0.17854752,Světle modrá (Střední znečištění)
Juliina vyhlídka,50.6682,14.7564,0.2201412,Světle modrá (Střední znečištění)
Výhled na Měšno,49.6514,13.6284,0.12177745,Modrá (Mírné znečištění)
Humboldtova vyhlídka,50.6493,14.0371,1.1290666,Zelená (Silné znečištění)
U transformátoru,50.4679,16.0223,0.14805943,Modrá (Mírné znečištění)
Hromobitka,50.4535,16.0213,0.14651386,Modrá (Mírné znečištění)
Mečov,50.4644,16.017,0.14805943,Modrá (Mírné znečištění)
Křížka,49.9264,14.5706,0.53581965,Tmavě zelená (Znečištěná)
Homolka 295 m n m,50.0153,14.3733,1.8842242,Žlutá (Velmi silné znečištění)
Krkavčí skála,50.6199,15.3031,0.21641687,Světle modrá (Střední znečištění)
Medvědí skála,49.5521,18.3999,0.19694999,Světle modrá (Střední znečištění)
Bílý kámen,49.6199,17.4531,0.19690906,Světle modrá (Střední znečištění)
Vyhlídka Pálavské náměstí,49.2058,16.6561,1.8092654,Žlutá (Velmi silné znečištění)
Astronomical observatory,49.2071,15.8759,0.69402623,Zelená (Silné znečištění)
Strážná hora,49.2099,15.8737,0.6095163,Tmavě zelená (Znečištěná)
Zdebořická vyhlídka,49.3677,13.4132,0.07801905,Tmavě modrá (Slabé znečištění)
Vyhlídka na Beskydy,49.779,18.425,0.95718616,Zelená (Silné znečištění)
Bašta,49.513,16.885,0.13238,Modrá (Mírné znečištění)
Vápenice,50.7127,14.9983,0.27873558,Světle modrá (Střední znečištění)
Svatý Kopeček,49.6291,17.3375,0.5769306,Tmavě zelená (Znečištěná)
Kamenný vrch,49.185,16.5538,1.5659341,Žlutá (Velmi silné znečištění)
Jájina vyhlídka,50.7279,15.5612,0.11557167,Modrá (Mírné znečištění)
Černá skála,50.7091,15.5656,0.111948,Modrá (Mírné znečištění)
Výpust u Vlčnova,49.0121,17.5469,0.1986304,Světle modrá (Střední znečištění)
Lišky,49.624,18.3323,0.38443276,Tmavě zelená (Znečištěná)
Na Magoni,49.6197,18.3063,0.32708043,Tmavě zelená (Znečištěná)
Kopalova vyhlídka,50.6007,15.1706,0.30545405,Světle modrá (Střední znečištění)
Olověný vrch,50.3675,12.5115,0.11310028,Modrá (Mírné znečištění)
Na Altánku,49.5552,15.0504,0.07761395,Tmavě modrá (Slabé znečištění)
Krkavčí skála,49.41,14.1639,0.07215642,Tmavě modrá (Slabé znečištění)
zvonička,49.6058,18.2512,0.2940308,Světle modrá (Střední znečištění)
Vyhlídka na Čertovu tchyni,50.544,16.2986,0.11868691,Modrá (Mírné znečištění)
Supí hnízdo,50.564,16.2761,0.123588905,Modrá (Mírné znečištění)
Skalní divadlo,50.5649,16.2732,0.12160599,Modrá (Mírné znečištění)
Mikšova hora 578m,50.6969,15.3011,0.21388017,Světle modrá (Střední znečištění)
Arboretum Makču Pikču,49.8173,17.2225,0.1443236,Modrá (Mírné znečištění)
Myší Skála,50.6293,15.3108,0.17770189,Světle modrá (Střední znečištění)
Jiřička,50.6169,15.3105,0.24339955,Světle modrá (Střední znečištění)
Moravská Jiřička,50.6206,15.3075,0.21641687,Světle modrá (Střední znečištění)
Čertovy kameny,50.2454,17.2363,0.14785042,Modrá (Mírné znečištění)
Bradlo,49.8541,17.0543,0.1340536,Modrá (Mírné znečištění)
Laffitova vyhlídka,50.5679,14.1634,0.24677265,Světle modrá (Střední znečištění)
Mayerův gloriet,50.2227,12.8799,0.70367897,Zelená (Silné znečištění)
Junácká vyhlídka,50.5147,16.3091,0.11325215,Modrá (Mírné znečištění)
Božanovský Špičák,50.5144,16.3176,0.113076046,Modrá (Mírné znečištění)
Janovská vyhlídka,50.8738,14.245,0.16440493,Světle modrá (Střední znečištění)
Tisá skála,49.8452,15.419,0.115761496,Modrá (Mírné znečištění)
Víťova vyhlídka,50.6494,14.2768,0.14121169,Modrá (Mírné znečištění)
Hrad Adršpach,50.6174,16.1004,0.11276331,Modrá (Mírné znečištění)
Grázlova vyhlídka,48.8917,15.6367,0.05347164,Tmavě modrá (Slabé znečištění)
Slavenská vyhlídka,50.5364,16.2984,0.11599513,Modrá (Mírné znečištění)
Vyhlídka na Veveří,49.2631,16.4667,0.34147033,Tmavě zelená (Znečištěná)
Vyhlídka Stříbrník,50.1686,14.3514,0.96842706,Zelená (Silné znečištění)
Šumavská vyhlídka Zdeňka Hodka a strážovských turistů,49.3079,13.2482,0.10762152,Modrá (Mírné znečištění)
Vyhlídka nad Vysutým,49.6239,18.4973,0.23841703,Světle modrá (Střední znečištění)
Ptačí pozorovatelna,50.63,14.5464,0.20839147,Světle modrá (Střední znečištění)
Opevnění,50.1688,16.8657,0.057820313,Tmavě modrá (Slabé znečištění)
"Drkolna, 729 m.n.m.",49.3381,13.3931,0.0738125,Tmavě modrá (Slabé znečištění)
Zbojnická,49.4363,18.4647,0.087235674,Modrá (Mírné znečištění)
Irenina Skala,50.4622,13.2689,0.1662969,Světle modrá (Střední znečištění)
Widok na Kotlinę Ostrawską,49.6056,18.8231,0.16735429,Světle modrá (Střední znečištění)
Schillerova vyhlídka,50.7873,14.6571,0.16790201,Světle modrá (Střední znečištění)
Lokomotiva,50.5919,16.1462,0.11286297,Modrá (Mírné znečištění)
Sedmihůrská Vyhlídka,50.7084,13.8275,0.25096348,Světle modrá (Střední znečištění)
Skála,49.8821,14.8792,0.17957795,Světle modrá (Střední znečištění)
Ervínův hrad,50.4676,15.2743,0.1397933,Modrá (Mírné znečištění)
Jelení skok,49.1032,14.4656,0.14691427,Modrá (Mírné znečištění)
Karlova vyhlídka,50.8874,14.4862,0.12652346,Modrá (Mírné znečištění)
Hubertova vyhlídka,50.6645,15.7515,0.109111026,Modrá (Mírné znečištění)
pozorovatelna Pohraniční stráže,49.6735,12.5446,0.11403625,Modrá (Mírné znečištění)
Zdice,49.9166,13.9862,0.42130676,Tmavě zelená (Znečištěná)
Brot,50.9026,14.4049,0.09158923,Modrá (Mírné znečištění)
Käs,50.9031,14.408,0.09158923,Modrá (Mírné znečištění)
Kalvárie,50.0656,16.4394,0.1586546,Modrá (Mírné znečištění)
Melicharka - Vyhlídka na Plzeň,49.6823,13.5155,0.28358224,Světle modrá (Střední znečištění)
Krkonošská vyhlídka,50.4665,15.6055,0.11839862,Modrá (Mírné znečištění)
Byšičky,50.4192,15.6101,0.14404248,Modrá (Mírné znečištění)
U třešně,50.4469,16.0376,0.1560122,Modrá (Mírné znečištění)
Příkosická vyhlídka,49.6647,13.6442,0.12881707,Modrá (Mírné znečištění)
hradiště Denemark,49.9291,15.2524,0.27057034,Světle modrá (Střední znečištění)
Vyhlídka na Šumavu,49.4353,13.6594,0.07145733,Tmavě modrá (Slabé znečištění)
Vyhlídka na Pavlovsko,49.7236,13.6598,0.19564962,Světle modrá (Střední znečištění)
Vyhlídka na Žďár,49.7291,13.6891,0.15793759,Modrá (Mírné znečištění)
Skalní vyhlídka z Vlče na Strašice,49.7227,13.7266,0.11647934,Modrá (Mírné znečištění)
Krausova vyhlídka,50.6095,15.993,0.1363472,Modrá (Mírné znečištění)
Doerellova vyhlídka,50.5863,14.0253,0.274672,Světle modrá (Střední znečištění)
Rudolfova vyhlídka,50.6276,15.0896,0.20175695,Světle modrá (Střední znečištění)
Vyhlídka kováře Popolce,50.7934,14.1827,0.44327703,Tmavě zelená (Znečištěná)
Přípeřská vyhlídka,50.7904,14.2033,0.55556,Tmavě zelená (Znečištěná)
Dolní vyhlídka,50.7864,14.2095,0.99167204,Zelená (Silné znečištění)
Červená skála (Nad vlajkou),50.7829,14.2071,0.93289375,Zelená (Silné znečištění)
Hrobka,50.6487,15.1136,0.20034145,Světle modrá (Střední znečištění)
Veřejová skála,49.6459,14.8687,0.08959001,Modrá (Mírné znečištění)
Liptická vyhlídka,50.5976,13.7318,0.5738764,Tmavě zelená (Znečištěná)
Wessenstein,50.6835,14.1208,0.44859824,Tmavě zelená (Znečištěná)
Kozí vrch,50.6758,14.1368,0.3940977,Tmavě zelená (Znečištěná)
Humboldtova vyhlídka,50.6718,14.2271,0.16775034,Světle modrá (Střední znečištění)
Opálená,49.5536,18.3121,0.21793702,Světle modrá (Střední znečištění)
Hradní vyhlídka,50.7336,14.592,0.21355559,Světle modrá (Střední znečištění)
Dědovy kameny,50.7252,14.5984,0.20845424,Světle modrá (Střední znečištění)
Karolínina vyhlídka,50.4967,15.7678,0.11837416,Modrá (Mírné znečištění)
Horní vyhlídka,50.7871,14.2111,0.99167204,Zelená (Silné znečištění)
Vávrova vyhlídka,50.0424,14.4137,3.273671,Oranžová (Extrémní znečištění)
Skalní ostroh,49.8034,17.7747,0.14436154,Modrá (Mírné znečištění)
Kibička,50.5288,14.0236,0.31288126,Světle modrá (Střední znečištění)
Vyhlídka,49.5776,17.6248,0.18397412,Světle modrá (Střední znečištění)
Obírka,49.5766,17.5867,0.17366703,Světle modrá (Střední znečištění)
Vyhlídka Kulivá hora,49.9644,14.2863,0.59793115,Tmavě zelená (Znečištěná)
Soutok Moravy a Dyje,48.6172,16.9405,0.15144338,Modrá (Mírné znečištění)
Mužský,50.5279,15.0461,0.22822365,Světle modrá (Střední znečištění)
Venušiny misky,50.3354,17.1471,0.09782144,Modrá (Mírné znečištění)
Prdlák,49.9292,14.1376,0.2911812,Světle modrá (Střední znečištění)
Schlikova vyhlídka,50.4679,15.2904,0.14626269,Modrá (Mírné znečištění)
Výhled na celou Ostravu,49.8433,18.3008,2.3193429,Žlutá (Velmi silné znečištění)
Paraplíčko,50.6361,15.2905,0.20179445,Světle modrá (Střední znečištění)
Jelení kameny,50.133,17.3064,0.066036895,Tmavě modrá (Slabé znečištění)
Kamzičí skály,50.1482,17.235,0.06755169,Tmavě modrá (Slabé znečištění)
Chlumská hora,49.9997,13.2321,0.07801762,Tmavě modrá (Slabé znečištění)
Vyhlídka Pěnčina,50.0399,13.9259,0.16121246,Světle modrá (Střední znečištění)
Lípa svobody,50.4902,15.3155,0.14957362,Modrá (Mírné znečištění)
Hřebenka,50.749,14.5647,0.34139723,Tmavě zelená (Znečištěná)
Vyhlídka Na Plazích,49.9674,13.706,0.073695906,Tmavě modrá (Slabé znečištění)
Kunětická hora,50.0799,15.8132,0.40837535,Tmavě zelená (Znečištěná)
Nízký Jeseník,49.9725,17.4401,0.15293936,Modrá (Mírné znečištění)
Orlík,49.5652,15.4104,0.11191088,Modrá (Mírné znečištění)
Výhled na Janoslavice,49.8485,16.9822,0.15243115,Modrá (Mírné znečištění)
Vyhlídka,50.609,14.2795,0.1335001,Modrá (Mírné znečištění)
Sřed Moravy,49.3856,17.1229,0.22406541,Světle modrá (Střední znečištění)
Baronova vyhlídka,50.6095,16.1132,0.10833636,Modrá (Mírné znečištění)
vyhlídka u Heřmanova (608m n.m.),49.3765,16.1853,0.10333202,Modrá (Mírné znečištění)
Husníkova vyhlídka,50.6296,15.1985,0.20824063,Světle modrá (Střední znečištění)
Kde domov můj,50.6298,15.1986,0.20824063,Světle modrá (Střední znečištění)
Kinského,50.6305,15.1992,0.20824063,Světle modrá (Střední znečištění)
Vyhlídka Kde domov muj,50.6299,15.1986,0.20824063,Světle modrá (Střední znečištění)
Besedická,50.6274,15.2072,0.19295259,Světle modrá (Střední znečištění)
Kámen,49.8931,14.4067,0.37935346,Tmavě zelená (Znečištěná)
Vyhlídka Na Bezděz,50.553,15.1205,0.18843547,Světle modrá (Střední znečištění)
Na Kose,50.7249,15.7748,0.109997064,Modrá (Mírné znečištění)
Pohanské kameny,50.9714,15.0211,0.19555081,Světle modrá (Střední znečištění)
Vyhlídkový altán,50.6849,15.4043,0.12985253,Modrá (Mírné znečištění)
výhled na Českosaské Švýcarsko,50.7644,14.3755,0.14866617,Modrá (Mírné znečištění)
vyhlídka,50.7553,14.3712,0.14795527,Modrá (Mírné znečištění)
vyhlídka,50.7482,14.366,0.15097073,Modrá (Mírné znečištění)
vyhlídka Liščí Hory,50.7323,14.357,0.15945892,Modrá (Mírné znečištění)
vyhlídka,50.7247,14.3633,0.16972284,Světle modrá (Střední znečištění)
Masarykova vyhlídka,49.2168,15.8846,0.8453872,Zelená (Silné znečištění)
výhled na Sedlo,50.6897,14.2833,0.15111372,Modrá (Mírné znečištění)
Vyhlídka Alexeje Navalného,50.1046,14.4147,3.209688,Oranžová (Extrémní znečištění)
Baba,50.1188,14.3907,2.4645581,Žlutá (Velmi silné znečištění)
vyhlídka nad soutěskou,50.8003,14.3626,0.15305766,Modrá (Mírné znečištění)
Vyhlídka u laviček,50.7011,13.914,0.36334187,Tmavě zelená (Znečištěná)
Seifertova vyhlídka,50.4704,15.2919,0.15158527,Modrá (Mírné znečištění)
vyhlídkový altán Mariina skála,49.6552,13.5653,0.16346957,Světle modrá (Střední znečištění)
Brousek,50.2273,17.0246,0.0656324,Tmavě modrá (Slabé znečištění)
Heckelovy skály,50.2534,17.1917,0.19940172,Světle modrá (Střední znečištění)
Čertova vyhlídka,49.7859,15.0272,0.12633792,Modrá (Mírné znečištění)
tvrziště Stráž,49.113,16.7185,0.51870507,Tmavě zelená (Znečištěná)
Výhled Vysoký kámen,50.5353,16.1635,0.1353101,Modrá (Mírné znečištění)
Vyhlídka Ovčín,50.5489,16.2975,0.11969042,Modrá (Mírné znečištění)
Tell-Platte,50.8093,14.4259,0.16422226,Světle modrá (Střední znečištění)
Výhled z Faltova kopce,50.4567,16.0401,0.15941551,Modrá (Mírné znečištění)
Vyhlídka Myslík,49.6173,18.2612,0.30286902,Světle modrá (Střední znečištění)
Goethova vyhlídka,50.1854,12.7545,0.30394998,Světle modrá (Střední znečištění)
Loučka,49.6254,18.782,0.19781077,Světle modrá (Střední znečištění)
vyhlídka na Housle,50.1245,14.3562,1.5383326,Žlutá (Velmi silné znečištění)
Třesina,49.9645,14.1329,0.3427517,Tmavě zelená (Znečištěná)
Lysý vrch,50.596,16.1527,0.1204258,Modrá (Mírné znečištění)
Hraběcí stolek,49.5494,16.3459,0.09350829,Modrá (Mírné znečištění)
Vyhlídka Oldřicha Fencla,48.8436,14.5572,0.1216178,Modrá (Mírné znečištění)
Modré kameny,50.6456,15.781,0.14928429,Modrá (Mírné znečištění)
Osserblick,49.2114,13.1135,0.044212483,Tmavě modrá (Slabé znečištění)
Dreisesselblick,48.7719,13.845,0.036355615,Šedá (Téměř přirozená)
"vyhlídka do dálky ""Koňský vrch""",48.776,13.8715,0.034842934,Šedá (Téměř přirozená)
Hasičská vyhlídka,49.1715,14.2583,0.121587016,Modrá (Mírné znečištění)
Výhled na Plešné jezero,48.7777,13.8584,0.035495404,Šedá (Téměř přirozená)
výhled na Lužické hory,50.7637,14.3774,0.14866617,Modrá (Mírné znečištění)
Zatopený lom Trojka,49.6201,15.4106,0.117225714,Modrá (Mírné znečištění)
Zatopený lom Trojka,49.6203,15.4104,0.117225714,Modrá (Mírné znečištění)
Holý vrch,49.6223,15.3978,0.1106654,Modrá (Mírné znečištění)
val,50.7708,14.384,0.14949392,Modrá (Mírné znečištění)
Belvedér,50.8495,14.2214,0.14862907,Modrá (Mírné znečištění)
vyhlídka Devět mlýnů,48.8109,15.9809,0.14976873,Modrá (Mírné znečištění)
Vyhlídkové místo u Honzíkova kříže,49.4608,16.8779,0.1270882,Modrá (Mírné znečištění)
Chlumská hora,50.0055,13.2053,0.061615445,Tmavě modrá (Slabé znečištění)
Kabačka,49.639,16.2272,0.095715016,Modrá (Mírné znečištění)
Hadí hora,50.3846,12.9347,0.11119365,Modrá (Mírné znečištění)
Bílý kámen,49.9298,14.6512,0.59516484,Tmavě zelená (Znečištěná)
Rolandův kámen,50.0813,17.3069,0.07023081,Tmavě modrá (Slabé znečištění)
Stará Vodárna,49.2287,13.5066,0.17122121,Světle modrá (Střední znečištění)
Smetanova vyhlídka,50.5314,15.3381,0.1643152,Světle modrá (Střední znečištění)
Girova,49.5316,18.8001,0.13682282,Modrá (Mírné znečištění)
Kočího kopec,49.6126,16.3157,0.08785333,Modrá (Mírné znečištění)
Skála,49.6657,15.3912,0.19892326,Světle modrá (Střední znečištění)
Englišova vyhlídka,49.8899,18.0423,0.34832773,Tmavě zelená (Znečištěná)
myslivecká vyhlídka,50.7765,14.3271,0.16777126,Světle modrá (Střední znečištění)
Vyhlídka u Sedlčan,49.634,14.4654,0.10504273,Modrá (Mírné znečištění)
Čertice,48.9356,15.7237,0.043065853,Tmavě modrá (Slabé znečištění)
U Spáleného mostu,50.0868,16.3125,0.14279069,Modrá (Mírné znečištění)
výhled,50.7613,14.2929,0.21654768,Světle modrá (Střední znečištění)
"výhled 291,2",50.7621,14.3295,0.17949133,Světle modrá (Střední znečištění)
Švédská skála,49.7137,17.7544,0.14049791,Modrá (Mírné znečištění)
Struhalův dub,49.9537,18.1246,0.36697945,Tmavě zelená (Znečištěná)
velká vyhlídka na Lužické hory,50.7749,14.3108,0.17931934,Světle modrá (Střední znečištění)
výhled na Markvartice,50.7768,14.3139,0.17931934,Světle modrá (Střední znečištění)
výhled na Markvartice,50.772,14.3126,0.17931934,Světle modrá (Střední znečištění)
výhled,50.7613,14.29,0.22616285,Světle modrá (Střední znečištění)
výhled,50.7578,14.2924,0.21654768,Světle modrá (Střední znečištění)
rozhl. Pastýřská stěna,50.7801,14.2044,0.93289375,Zelená (Silné znečištění)
Lom Hády,49.2186,16.6738,1.2544203,Zelená (Silné znečištění)
Trávník,50.1517,15.6864,0.24555185,Světle modrá (Střední znečištění)
výhled na Lužické hory a Markvartickou kotlinu,50.7959,14.379,0.15454635,Modrá (Mírné znečištění)
"výhled Jedlová, Sokol",50.8237,14.5028,0.12138499,Modrá (Mírné znečištění)
výhled na Chřibskou,50.826,14.5011,0.12138499,Modrá (Mírné znečištění)
výhled na Růžovský vrch a České Švýcarsko,50.7818,14.3103,0.17759712,Světle modrá (Střední znečištění)
Na babách,49.0994,16.2237,0.15670559,Modrá (Mírné znečištění)
Velký kačer,49.1016,16.2459,0.1455267,Modrá (Mírné znečištění)
Velká skála,49.1024,16.2407,0.14912592,Modrá (Mírné znečištění)
Vápenka,49.9322,14.5182,0.6224261,Tmavě zelená (Znečištěná)
kamen s vyhlidkou,49.139,17.2526,0.12685314,Modrá (Mírné znečištění)
Vinice vyhlídka,50.0466,16.0553,0.15536226,Modrá (Mírné znečištění)
Boží skála,49.8902,14.5021,0.3808815,Tmavě zelená (Znečištěná)
Na Vinici,50.0442,15.2335,0.5802572,Tmavě zelená (Znečištěná)
"Kralovecky Spicak, Karkonosze",50.6663,15.9987,0.11917804,Modrá (Mírné znečištění)
Malý Tok - Vyhlídka,49.6536,13.8459,0.08543869,Modrá (Mírné znečištění)
Vyhlídka na Konopiště,49.771,14.6141,0.1757462,Světle modrá (Střední znečištění)
Kamýcká vyhlídka,50.1552,14.3081,0.91565275,Zelená (Silné znečištění)
Claryho kříž,48.9063,15.8224,0.07160982,Tmavě modrá (Slabé znečištění)
Vyhlídka na Kaňon,49.8389,15.9712,0.13364194,Modrá (Mírné znečištění)
Čákova vyhlídka,49.6552,13.8175,0.07690809,Tmavě modrá (Slabé znečištění)
Vyhlídka Svatopluka Čecha,50.5361,15.2435,0.15509212,Modrá (Mírné znečištění)
U Krizove Cesty,49.8624,17.8846,0.20950891,Světle modrá (Střední znečištění)
Roztylská vyhlídka,50.0394,14.484,3.898483,Oranžová (Extrémní znečištění)
Krásná vyhlídka,50.4811,16.2882,0.12177805,Modrá (Mírné znečištění)
Vyhlídka na zvonici,49.492,18.2227,0.15610027,Modrá (Mírné znečištění)
Vyhlídka od hotelu Radegast,49.4891,18.2252,0.15215121,Modrá (Mírné znečištění)
výhled na Benešov,50.7441,14.3111,0.2712517,Světle modrá (Střední znečištění)
Krásná vyhlídka,50.356,13.9712,0.15309395,Modrá (Mírné znečištění)
Vyhlídka Zámky,50.144,14.4001,1.656789,Žlutá (Velmi silné znečištění)
Liebeshöhe,49.2121,13.1907,0.047940496,Tmavě modrá (Slabé znečištění)
Zlatý vrch,50.0886,12.3746,0.65727735,Zelená (Silné znečištění)
U Tří Líp,49.1355,15.6731,0.075081,Tmavě modrá (Slabé znečištění)
Mařenka,49.1707,15.703,0.073757246,Tmavě modrá (Slabé znečištění)
František,49.141,15.6484,0.071162716,Tmavě modrá (Slabé znečištění)
Nad Doly,49.7664,16.5834,0.11815927,Modrá (Mírné znečištění)
Výrovka,49.3498,16.6788,0.3218506,Tmavě zelená (Znečištěná)
Vyhlídka Žimrovická skála,49.8611,17.8587,0.19807863,Světle modrá (Střední znečištění)
Alšova vyhlídka,50.1486,14.3671,1.2415297,Zelená (Silné znečištění)
Prchalovská vyhlídka,49.6442,18.1112,0.39520535,Tmavě zelená (Znečištěná)
Vaňovská Skála,50.6199,14.0545,0.3629949,Tmavě zelená (Znečištěná)
Skautská vyhlídka,49.2005,16.6485,2.080417,Žlutá (Velmi silné znečištění)
Vyhlídka Bohumila Hrabala,49.2009,16.6484,2.080417,Žlutá (Velmi silné znečištění)
Jardova vyhlídka,49.1397,17.738,0.17317016,Světle modrá (Střední znečištění)
Rabštejnská vyhlídka,50.7272,14.6569,0.17042254,Světle modrá (Střední znečištění)
výhled na Českosaské Švýcarsko,50.7809,14.4009,0.15283623,Modrá (Mírné znečištění)
Na Nebičku,48.7997,14.0562,0.047235902,Tmavě modrá (Slabé znečištění)
Sedlo Lysé hory,50.7523,15.5197,0.096484154,Modrá (Mírné znečištění)
Nad Solvayovým lomem,50.7557,14.9161,0.1808361,Světle modrá (Střední znečištění)
Čertík,50.5251,15.071,0.19649045,Světle modrá (Střední znečištění)
Výhled na Štramberk,49.5366,18.1786,0.25870708,Světle modrá (Střední znečištění)
Vyhlídka u osady Jánské Koupele,49.8344,17.7116,0.114308275,Modrá (Mírné znečištění)
Prosecká vyhlídka,50.1169,14.4883,3.3522134,Oranžová (Extrémní znečištění)
Lhotský vrchol,49.5367,16.5673,0.21035923,Světle modrá (Střední znečištění)
Dva kameny,49.7826,13.3468,0.82683027,Zelená (Silné znečištění)
Šrámkova vyhlídka,50.4858,15.2588,0.14025284,Modrá (Mírné znečištění)
výhled na Lužické hory,50.7951,14.3083,0.17421196,Světle modrá (Střední znečištění)
Vřesník - přehrada,49.5298,15.2425,0.10487852,Modrá (Mírné znečištění)
Vřesník - přehrada,49.5299,15.2428,0.10487852,Modrá (Mírné znečištění)
výhled na Růžovský vrch,50.7964,14.3763,0.15454635,Modrá (Mírné znečištění)
Vyhlídka ševce a krále Miroslava (Pyšná princezna),50.7851,14.3114,0.17759712,Světle modrá (Střední znečištění)
Vyhlidka pod Krkavcem,49.7983,13.334,0.46496573,Tmavě zelená (Znečištěná)
Sokolí skála,50.113,17.2076,0.06085561,Tmavě modrá (Slabé znečištění)
Zamek Rychleby,50.3637,16.982,0.090969846,Modrá (Mírné znečištění)
Jeskynní vyhlídka,50.1942,12.7893,0.2466203,Světle modrá (Střední znečištění)
Moravská bašta,50.0912,14.4047,4.2743573,Oranžová (Extrémní znečištění)
důl Nástup,50.4327,13.3843,0.3908126,Tmavě zelená (Znečištěná)
vyhlídka Kobylí skála,49.5687,16.2954,0.09267423,Modrá (Mírné znečištění)
Stožecká skála,48.8735,13.8213,0.037964266,Šedá (Téměř přirozená)
Kazatelna,49.6925,13.9431,0.16617057,Světle modrá (Střední znečištění)
Stvořidla,49.6659,15.3354,0.10335016,Modrá (Mírné znečištění)
U kapličky,49.0025,14.5322,0.592465,Tmavě zelená (Znečištěná)
Malý Bezděz,50.5399,14.7137,0.13779432,Modrá (Mírné znečištění)
Myšák,49.8339,14.456,0.20259899,Světle modrá (Střední znečištění)
Mariensruh,50.8792,14.413,0.09359455,Modrá (Mírné znečištění)
Vyhlídka sv. Ludmily,50.1702,14.3735,1.1183944,Zelená (Silné znečištění)
Dlouhý hřeben,50.6105,14.5695,0.17904973,Světle modrá (Střední znečištění)
Černá skála,49.8162,13.6376,0.13112332,Modrá (Mírné znečištění)
velke skalky,49.278,16.7001,0.34509546,Tmavě zelená (Znečištěná)
velke skalky,49.2779,16.7,0.34509546,Tmavě zelená (Znečištěná)
Na horách,50.4515,14.2102,0.2455274,Světle modrá (Střední znečištění)
Vyhled Nad Jizdarnou,49.6053,18.5266,0.19483583,Světle modrá (Střední znečištění)
9-StoneStand,49.4488,13.8403,0.10092138,Modrá (Mírné znečištění)
Výhled na Alpy,50.0052,16.7253,0.094078526,Modrá (Mírné znečištění)
Vyhlídka Chabeřické skály,49.751,15.0878,0.17176256,Světle modrá (Střední znečištění)
Prostřední skála,49.9851,17.0583,0.13272329,Modrá (Mírné znečištění)
Nad Hraběšicemi,49.9865,17.0792,0.11814322,Modrá (Mírné znečištění)
Helišova skála,49.4125,16.7587,0.15979613,Modrá (Mírné znečištění)
Vyhlídka na Karlík,49.9383,14.2618,0.4835118,Tmavě zelená (Znečištěná)
Vyhlídka kouzel,50.5723,16.1398,0.11170886,Modrá (Mírné znečištění)
Vinohrady Révová,49.203,16.6532,1.920539,Žlutá (Velmi silné znečištění)
Kraví pole,49.0118,14.0931,0.06823242,Tmavě modrá (Slabé znečištění)
Vyhlídková Terasa pro veřejnost,50.1065,14.2655,2.5136933,Žlutá (Velmi silné znečištění)
Křížák,49.0526,16.319,0.26693645,Světle modrá (Střední znečištění)
Vyhlídka Homolka,49.7998,14.4366,0.15809198,Modrá (Mírné znečištění)
Vyhlídka,49.9515,14.0969,0.37908977,Tmavě zelená (Znečištěná)
Prase divoké,50.1742,15.9111,0.33132106,Tmavě zelená (Znečištěná)
Panorama Jamné,48.9065,14.4054,0.23041895,Světle modrá (Střední znečištění)
Strážná,49.3546,16.7422,0.2122928,Světle modrá (Střední znečištění)
Strážisko,49.637,17.4784,0.15933722,Modrá (Mírné znečištění)
Lom ČSA,50.5456,13.4919,0.3462938,Tmavě zelená (Znečištěná)
Vláďulina vyhlídka,50.5481,13.468,0.2443459,Světle modrá (Střední znečištění)
Vyhlídka Jelení skok,50.2233,12.8808,0.70367897,Zelená (Silné znečištění)
Vyhlídkový altán Josefa Jungmanna,50.2,12.843,0.2791321,Světle modrá (Střední znečištění)
Na Špici,49.7023,16.2561,0.15194625,Modrá (Mírné znečištění)
Hvězdička,48.9413,15.7238,0.043065853,Tmavě modrá (Slabé znečištění)
Vyhlídka pod Liščím vrchem,50.2825,12.9998,0.15003702,Modrá (Mírné znečištění)
na Hadrava,49.3066,13.1579,0.09942304,Modrá (Mírné znečištění)
na Kaple Nejsvětější Trojice,49.3058,13.1305,0.09681899,Modrá (Mírné znečištění)
Kočičí skála,50.5492,13.4239,0.18509218,Světle modrá (Střední znečištění)
Prachovna,50.5442,15.1921,0.15782733,Modrá (Mírné znečištění)
Lovecká vyhlídka,50.1845,12.7907,0.21461758,Světle modrá (Střední znečištění)
Kremelna,49.1444,13.3983,0.03424191,Šedá (Téměř přirozená)
Draci skaly,49.1179,13.5012,0.039908014,Šedá (Téměř přirozená)
Kosatce Skelna,49.1582,13.4025,0.037363242,Šedá (Téměř přirozená)
Vyhlídkový altán,49.9018,12.7808,0.10036378,Modrá (Mírné znečištění)
Vyhlídka Maleni,50.0887,14.4111,4.610816,Oranžová (Extrémní znečištění)
Svatý kopeček,48.8063,16.6467,0.38376758,Tmavě zelená (Znečištěná)
Vyhlídka Josefa II.,50.3248,12.5198,0.18447292,Světle modrá (Střední znečištění)
Bönischovy Boudy,50.6447,15.7001,0.1386982,Modrá (Mírné znečištění)
Vyhled do udoli Zlateho potoka u Retenice,49.1267,13.613,0.050322942,Tmavě modrá (Slabé znečištění)
Pavlov,48.872,16.6556,0.15564424,Modrá (Mírné znečištění)
Hrubý Jeseník,49.9726,17.4395,0.15293936,Modrá (Mírné znečištění)
Triangl,50.8762,15.1743,0.18541387,Světle modrá (Střední znečištění)
Vyhlídkové místo,49.8817,17.8622,0.25804245,Světle modrá (Střední znečištění)
Vyhlídkové místo,49.8755,17.8499,0.20286177,Světle modrá (Střední znečištění)
Panorama vimperských kopců,49.0686,13.768,0.13500582,Modrá (Mírné znečištění)
Hubertova Vyhlídka,49.1649,15.5608,0.06724445,Tmavě modrá (Slabé znečištění)
Mravenečník,50.7003,13.5646,0.1209379,Modrá (Mírné znečištění)
Jehlický vrch,50.2335,15.6654,0.19267577,Světle modrá (Střední znečištění)
Zatopený mlýn,49.133,16.1006,0.144239,Modrá (Mírné znečištění)
Chochola,49.5379,16.8686,0.14834055,Modrá (Mírné znečištění)
Magdalenina skála,49.1403,16.2362,0.14758095,Modrá (Mírné znečištění)
Světovina,49.8683,13.7423,0.13862383,Modrá (Mírné znečištění)
Okno,50.4019,12.7498,0.0976602,Modrá (Mírné znečištění)
Strašidlo,50.4013,12.7496,0.0976602,Modrá (Mírné znečištění)
Borůvčí,50.401,12.7506,0.10126159,Modrá (Mírné znečištění)
Pohled na lázně,50.3674,12.926,0.15948007,Modrá (Mírné znečištění)
Voštinová skála,50.0106,16.9718,0.16706283,Světle modrá (Střední znečištění)
Výhled na trať a Chomutov,50.4219,13.4319,0.32572258,Tmavě zelená (Znečištěná)
Vyhlídka U Kříže,50.6829,15.2188,0.24080026,Světle modrá (Střední znečištění)
Pozorovatelna vodního ptactva,50.1139,12.3178,0.24291864,Světle modrá (Střední znečištění)
U Köglerova kříže,50.9104,14.4881,0.1481793,Modrá (Mírné znečištění)
Svah Čertovka,50.6237,14.0541,0.47247794,Tmavě zelená (Znečištěná)
Kašparova vyhlídka,49.6245,17.4451,0.19838649,Světle modrá (Střední znečištění)
Goethova vyhlídka,49.8124,12.8523,0.07850326,Tmavě modrá (Slabé znečištění)
Krahulcova vyhlídka,49.463,16.7202,0.15683423,Modrá (Mírné znečištění)
Vyhlídka u kostela,48.81,14.316,0.46057072,Tmavě zelená (Znečištěná)
Novoveský vrch,49.9964,17.2715,0.08014058,Modrá (Mírné znečištění)
Žampašská vyhlídka,49.8702,14.4879,0.30003595,Světle modrá (Střední znečištění)
Na Výhledu,50.8611,14.9649,0.24638774,Světle modrá (Střední znečištění)
Velký kámen,49.7282,13.7368,0.11478676,Modrá (Mírné znečištění)
Máchova vyhlídka,50.6124,14.5074,0.15419734,Modrá (Mírné znečištění)
Papinova vyhlídka,50.6287,14.4029,0.15130326,Modrá (Mírné znečištění)
Vyhlídka na Bezděz,50.5255,14.6874,0.14103186,Modrá (Mírné znečištění)
Nad Strží,50.7581,14.7084,0.14953102,Modrá (Mírné znečištění)
Vyhlídka na soutok,49.2345,14.3845,0.20157239,Světle modrá (Střední znečištění)
Kořenská skála,49.2355,14.3849,0.20157239,Světle modrá (Střední znečištění)
Vyhlídka dědy z Dědova,50.5599,16.2028,0.12801379,Modrá (Mírné znečištění)
Joštova vyhlídka,50.1495,15.9638,0.19898571,Světle modrá (Střední znečištění)
Šumavská vyhlídka,49.1678,14.0913,0.09036732,Modrá (Mírné znečištění)
Vyhlídka Praděd,50.122,17.3976,0.11678628,Modrá (Mírné znečištění)
průhled na Klíč,50.7395,14.5457,0.29855463,Světle modrá (Střední znečištění)
Muflon a daněk,50.1744,15.9111,0.33132106,Tmavě zelená (Znečištěná)
Jelen sika Dybowského,50.1708,15.9138,0.30570123,Světle modrá (Střední znečištění)
Malé Hradisko,49.8026,16.1702,0.09427445,Modrá (Mírné znečištění)
Lama a klokan,50.2058,15.9173,0.40752667,Tmavě zelená (Znečištěná)
Sokolohrady,49.7148,15.7137,0.11917089,Modrá (Mírné znečištění)
Knesplova vyhlídka,50.805,14.648,0.13841349,Modrá (Mírné znečištění)
Chloudov,50.6275,15.2386,0.19621925,Světle modrá (Střední znečištění)
Luisino údolí,50.6591,15.6486,0.13851194,Modrá (Mírné znečištění)
Duncanova vyhlídka,49.9967,12.6932,0.13699119,Modrá (Mírné znečištění)
U Peršinky,50.6182,15.3085,0.24339955,Světle modrá (Střední znečištění)
U Bakala,50.6216,15.3052,0.19200782,Světle modrá (Střední znečištění)
Peretka,50.616,15.3099,0.24339955,Světle modrá (Střední znečištění)
Brusná,49.9317,16.9345,0.22955902,Světle modrá (Střední znečištění)
Šeptouchovská skála,49.6944,15.2718,0.2050071,Světle modrá (Střední znečištění)
pod Šeptouchovskou skálou,49.6945,15.2715,0.2050071,Světle modrá (Střední znečištění)
Krásná vyhlídka,50.7639,15.2863,0.21734418,Světle modrá (Střední znečištění)
Vyhlídka k Jizerkám,50.7514,15.2827,0.25154305,Světle modrá (Střední znečištění)
Šmídova vyhlídka,50.7442,15.569,0.11062974,Modrá (Mírné znečištění)
Vyhlídka českých bratří,50.6262,15.2015,0.19295259,Světle modrá (Střední znečištění)
Výhled na Suché skály,50.6323,15.2057,0.20278181,Světle modrá (Střední znečištění)
Třitrubecká vyhlídka,49.7038,13.7845,0.08033734,Modrá (Mírné znečištění)
Vyhlídková plošina Lovoš,50.5278,14.0183,0.31288126,Světle modrá (Střední znečištění)
Výhled od Lechova kamene na město Kouřim,50.0023,14.9862,0.21421088,Světle modrá (Střední znečištění)
Voltušská vyhlídka,49.5841,13.8396,0.07990755,Tmavě modrá (Slabé znečištění)
Kamenný stůl,49.2223,17.2526,0.15473679,Modrá (Mírné znečištění)
"Tis, u kapličky",49.7128,15.4883,0.087639935,Modrá (Mírné znečištění)
Jurkova jáma,50.0668,14.106,0.3817164,Tmavě zelená (Znečištěná)
Vyhlídka U andílka,49.3124,17.2493,0.19898023,Světle modrá (Střední znečištění)
Pěkný výhled,50.7836,15.329,0.1406977,Modrá (Mírné znečištění)
Výhled Čertův Kámen,50.8305,15.2986,0.100990936,Modrá (Mírné znečištění)
Strom života - památník 100 let Republiky,49.5362,16.0126,0.12570181,Modrá (Mírné znečištění)
Panoramata,50.2317,17.051,0.075388245,Tmavě modrá (Slabé znečištění)
Babická vyhlídka,49.2794,16.6783,0.37221697,Tmavě zelená (Znečištěná)
Vyhlídka,50.6379,13.8603,0.642071,Zelená (Silné znečištění)
Kouty nad Desnou kolejka linowa,50.1,17.116,0.08149631,Modrá (Mírné znečištění)
Vyhlídka Soudek,48.9819,17.0334,0.1950666,Světle modrá (Střední znečištění)
Vyhlídka republiky,50.8169,14.5284,0.12811187,Modrá (Mírné znečištění)
Brýlařský lom,50.7351,14.5931,0.21355559,Světle modrá (Střední znečištění)
Vyhlídka poštolek,50.7333,14.5978,0.21355559,Světle modrá (Střední znečištění)
Dolní vyhlídka Edmundova kamene,50.8852,14.2807,0.11305099,Modrá (Mírné znečištění)
Sychrák,49.3453,16.4361,0.38858172,Tmavě zelená (Znečištěná)
ptačí pozorovatelna,50.6281,14.54,0.19105025,Světle modrá (Střední znečištění)
Medvědí vyhlídka,50.6105,14.5632,0.16870594,Světle modrá (Střední znečištění)
Vyhlídka Na Kouli,50.1821,12.7905,0.21461758,Světle modrá (Střední znečištění)
Výhled na Liblín,49.9196,13.5569,0.10539831,Modrá (Mírné znečištění)
Na Chocholce,50.6135,15.1862,0.20686547,Světle modrá (Střední znečištění)
Dancing House viewpoint,50.0755,14.4141,4.3764353,Oranžová (Extrémní znečištění)
Kabuďův vrch,49.6042,18.195,0.38473836,Tmavě zelená (Znečištěná)
Hvězdárna,50.0883,12.375,0.6271726,Tmavě zelená (Znečištěná)
Vyhlídka nad Fedlem,48.7658,14.0547,0.06660484,Tmavě modrá (Slabé znečištění)
Velká Baba,49.0993,16.2253,0.15235776,Modrá (Mírné znečištění)
Rottrovy domky,50.7298,15.8126,0.11510643,Modrá (Mírné znečištění)
Ferdinandova vyhlídka,50.6879,14.6687,0.19164553,Světle modrá (Střední znečištění)
Hráz rybníku Dolní Peklo,49.867,15.6093,0.13803956,Modrá (Mírné znečištění)
Dolní vyhlídka,50.5721,13.518,0.33671954,Tmavě zelená (Znečištěná)
Horní vyhlídka,50.5731,13.5181,0.33671954,Tmavě zelená (Znečištěná)
Terezina vyhlídka,50.5418,13.4744,0.26714906,Světle modrá (Střední znečištění)
Novoměstská radnice,50.0782,14.4213,4.49328,Oranžová (Extrémní znečištění)
výhled na Helfenburk,50.5819,14.3784,0.1278972,Modrá (Mírné znečištění)
Malinská skála,49.661,16.0715,0.08042887,Modrá (Mírné znečištění)
Těnovická vyhlídka,49.6247,13.6344,0.110261135,Modrá (Mírné znečištění)
Svatý jezevčík,49.7317,13.8686,0.08922192,Modrá (Mírné znečištění)
Malý belvedér,50.0897,14.4013,4.2743573,Oranžová (Extrémní znečištění)
Čertova stěna,48.9205,17.2741,0.19962241,Světle modrá (Střední znečištění)
Štátula,49.303,17.2381,0.19452141,Světle modrá (Střední znečištění)
Rabštejn,49.948,17.1503,0.0856228,Modrá (Mírné znečištění)
Lipa sp.,49.196,16.515,0.79367274,Zelená (Silné znečištění)
Fričova vyhlídka,50.6755,14.076,0.8514355,Zelená (Silné znečištění)
Městské skály (675 m),50.0073,16.9775,0.17476444,Světle modrá (Střední znečištění)
Farní vyhlídka,50.2324,14.4098,0.7210384,Zelená (Silné znečištění)
Čtyři palice,49.6861,16.0933,0.08234183,Modrá (Mírné znečištění)
Chlukov,49.7148,13.7862,0.087634444,Modrá (Mírné znečištění)
Skalní vyhlídka,49.4484,16.3205,0.113363504,Modrá (Mírné znečištění)
Výhled na vilu Mittrovských,49.4519,16.323,0.113363504,Modrá (Mírné znečištění)
Karlova Výšina,50.5113,13.4109,0.34206557,Tmavě zelená (Znečištěná)
Na kamenech. Pohled na hřeben a Sněžku.,50.6689,15.5702,0.122589745,Modrá (Mírné znečištění)
Výhled na Smržovku,50.7357,15.2518,0.28948608,Světle modrá (Střední znečištění)
Výhled na Krkonoše,50.7367,15.2579,0.28948608,Světle modrá (Střední znečištění)
Výhled na viadukt,50.7383,15.2503,0.28515148,Světle modrá (Střední znečištění)
Výhled na chatu Bunč,49.1816,17.3481,0.1387026,Modrá (Mírné znečištění)
Vyhlídka pod Barabášem,49.2142,17.6658,0.7309552,Zelená (Silné znečištění)
Šibeniční vrch,49.2231,17.872,0.17215116,Světle modrá (Střední znečištění)
výhled na Českou Lípu,50.6721,14.4357,0.17199951,Světle modrá (Střední znečištění)
výhled na Nový Bor,50.6698,14.4358,0.17036851,Světle modrá (Střední znečištění)
výhled na Nový Oldřichov,50.6688,14.4379,0.17036851,Světle modrá (Střední znečištění)
Johannisstein Aussicht,50.8345,14.7178,0.14139414,Modrá (Mírné znečištění)
Hoher Stein,49.7211,17.6391,0.09079861,Modrá (Mírné znečištění)
Dvořáčkova vyhlídka,50.3396,16.1559,0.25066924,Světle modrá (Střední znečištění)
Vyhlídka Kačenka,50.5777,16.2581,0.121863484,Modrá (Mírné znečištění)
Vyhlídka do Zaječí rokle,50.5414,16.2978,0.11868691,Modrá (Mírné znečištění)
výhled na Lužické hory,50.6653,14.439,0.17036851,Světle modrá (Střední znečištění)
Skrytá vyhlídka,49.8608,14.467,0.26226357,Světle modrá (Střední znečištění)
Horymírka,49.5582,16.3348,0.092151836,Modrá (Mírné znečištění)
Vyhlídková plošina,50.2019,12.9124,0.21601328,Světle modrá (Střední znečištění)
vyhlídková terasa,49.2257,14.1275,0.10387149,Modrá (Mírné znečištění)
Vyhlídka Skalka,49.8283,14.4502,0.19051243,Světle modrá (Střední znečištění)
Jelen evropský,50.1569,15.9266,0.250695,Světle modrá (Střední znečištění)
Vyhlídka na Střmen,50.5944,16.1314,0.10813412,Modrá (Mírné znečištění)
Bezděz,50.664,14.4598,0.20199119,Světle modrá (Střední znečištění)
"Česká Lípa, Ralsko",50.686,14.4816,0.26759332,Světle modrá (Střední znečištění)
Česká Lípa,50.6728,14.4908,0.29129678,Světle modrá (Střední znečištění)
Melicharka (skála),49.6835,13.516,0.28358224,Světle modrá (Střední znečištění)
Vyhlídka Malhotky 269 m.n.m,49.149,17.0542,0.19314158,Světle modrá (Střední znečištění)
Vyhlídka na výsluní,48.9028,16.9472,0.22188637,Světle modrá (Střední znečištění)
vyhlídka Radovič,50.2729,14.2508,0.41002366,Tmavě zelená (Znečištěná)
Vyhlídka Homole,49.9552,14.2781,0.52716863,Tmavě zelená (Znečištěná)
vyhlídka,49.2442,16.7387,0.38963938,Tmavě zelená (Znečištěná)
Výří skála,49.45,16.3021,0.102731004,Modrá (Mírné znečištění)
Špalkova vyhlídka,48.84,16.0314,0.3440736,Tmavě zelená (Znečištěná)
Vyhlídka Seppa Wudyho,49.2001,13.2163,0.045457296,Tmavě modrá (Slabé znečištění)
Krásná vyhlídka,50.6904,14.8848,0.15406296,Modrá (Mírné znečištění)
Vyhlídková plošina,50.1256,14.2808,1.4165043,Žlutá (Velmi silné znečištění)
Vyhlídka Floriánek,48.9083,16.8248,0.32032126,Tmavě zelená (Znečištěná)
Korunní vyhlídka,50.1876,12.7965,0.23992422,Světle modrá (Střední znečištění)
Krtičkova vyhlídka,50.5606,16.2081,0.12801379,Modrá (Mírné znečištění)
Nad Vaněčkem,48.6568,14.5991,0.04661042,Tmavě modrá (Slabé znečištění)
U Ludvických Hor,48.6598,14.6008,0.04466667,Tmavě modrá (Slabé znečištění)
Malonty U Jákla,48.6822,14.588,0.07335681,Tmavě modrá (Slabé znečištění)
Vyhlídka z Domaniny,49.012,16.7837,0.20474333,Světle modrá (Střední znečištění)
Radechovské skály,50.2781,13.2639,0.07886515,Tmavě modrá (Slabé znečištění)
"Česká Lípa, Bezděz",50.6619,14.4817,0.22907901,Světle modrá (Střední znečištění)
Kočičí vrch,49.8017,17.431,0.13800883,Modrá (Mírné znečištění)
Český betlém,50.3388,16.1607,0.21511789,Světle modrá (Střední znečištění)
Markův kopec,49.538,18.2237,0.43606642,Tmavě zelená (Znečištěná)
Mrtvý muž,49.949,17.0983,0.10874063,Modrá (Mírné znečištění)
Poutníkův trůn,49.8483,14.2262,0.19947581,Světle modrá (Střední znečištění)
Ločarův kámen,49.5459,15.5409,0.12690327,Modrá (Mírné znečištění)
Lorelei,49.8195,17.7106,0.116176955,Modrá (Mírné znečištění)
Gräfova vyhlídka,50.1911,17.1774,0.12759581,Modrá (Mírné znečištění)
Kazabrud,50.4965,15.6095,0.11425134,Modrá (Mírné znečištění)
Výhled na Beskydy,49.6306,17.7128,0.14826168,Modrá (Mírné znečištění)
Vyhlídka Dominiky Kolowrat Krakovské,49.6298,12.6,0.06278671,Tmavě modrá (Slabé znečištění)
jihovýchodní výhled,49.5723,14.0278,0.08734534,Modrá (Mírné znečištění)
severozápadní výhled,49.5739,14.0265,0.08734534,Modrá (Mírné znečištění)
Vyhlídka u rybářské školy,49.1601,14.1777,0.1982806,Světle modrá (Střední znečištění)
Kaple Zvěstování Panny Marie,50.422,16.1689,0.4548342,Tmavě zelená (Znečištěná)
Vyhlídka Karla Zvěřiny,49.1537,14.9691,0.2506786,Světle modrá (Střední znečištění)
výhled na Opičí skálu,50.5896,14.378,0.12909925,Modrá (Mírné znečištění)
Hraběcí kříž,50.0399,13.2961,0.05812971,Tmavě modrá (Slabé znečištění)
ptačí pozorovatelna,49.8033,18.2022,1.5868388,Žlutá (Velmi silné znečištění)
Kraví hora,48.634,14.3203,0.077221274,Tmavě modrá (Slabé znečištění)
Cimburk,49.1036,17.2156,0.12895857,Modrá (Mírné znečištění)
Koryčanská kaple,49.0817,17.1991,0.14060271,Modrá (Mírné znečištění)
Polické Insta dveře,50.5232,16.2611,0.13115959,Modrá (Mírné znečištění)
Březový vrch,50.6869,14.1727,0.26476893,Světle modrá (Střední znečištění)
Otevřené dveře Nová Ves,50.3515,12.5454,0.10395179,Modrá (Mírné znečištění)
Na Vlčí skále,49.438,14.1984,0.059561208,Tmavě modrá (Slabé znečištění)
swing_gate,49.6939,17.4813,0.13407257,Modrá (Mírné znečištění)
Pochopova skála,49.3507,16.2837,0.11748486,Modrá (Mírné znečištění)
Pochopova skála,49.3505,16.2835,0.11748486,Modrá (Mírné znečištění)
Sochorská skála,49.3641,16.2829,0.111015484,Modrá (Mírné znečištění)
Vyhlídka Větrovy,49.3908,14.6473,0.28713903,Světle modrá (Střední znečištění)
Vyhlídka u altánku,49.5431,14.6063,0.081511155,Modrá (Mírné znečištění)
Památná lípa na Láni,49.7929,18.1169,0.71179104,Zelená (Silné znečištění)
Otova vyhlídka,50.0539,16.6962,0.08580668,Modrá (Mírné znečištění)
Mařenka,49.8326,14.4562,0.20259899,Světle modrá (Střední znečištění)
Dveře,49.1782,13.2537,0.04448344,Tmavě modrá (Slabé znečištění)
Bezděz,50.5949,14.748,0.12349875,Modrá (Mírné znečištění)
Břehyňský rybník a Máchovo jezero,50.5926,14.7518,0.12509494,Modrá (Mírné znečištění)
Orlí hnízdo,49.3523,16.3697,0.16802473,Světle modrá (Střední znečištění)
Vyhlídka Vladimíra Foltánka,49.2824,16.9461,0.32677534,Tmavě zelená (Znečištěná)
Vyhlídka u lomu Čertovy schody,49.9172,14.0539,0.39573783,Tmavě zelená (Znečištěná)
vyhlídka Karlov,49.1402,14.9985,0.62161845,Tmavě zelená (Znečištěná)
Vyhlídka pana Šalamouna,48.6538,14.3655,0.07203938,Tmavě modrá (Slabé znečištění)
Pod Budinou,50.5799,14.3566,0.13927773,Modrá (Mírné znečištění)
"Ralsko, Bezděz",50.7157,14.701,0.1902729,Světle modrá (Střední znečištění)
Vyhlídka na Kalvárii,50.0667,14.3258,2.6708322,Oranžová (Extrémní znečištění)
Vyhlídka Medvěd,50.7197,15.4487,0.12245186,Modrá (Mírné znečištění)
Posed,50.2067,14.341,0.6823823,Zelená (Silné znečištění)
Vyhlídkové místo na Štramberk,49.5931,18.1209,0.47450134,Tmavě zelená (Znečištěná)
Vyhlídkové místo Nad vlekem,49.1664,17.8357,0.14153868,Modrá (Mírné znečištění)
Heroldova vyhlídka,50.5319,15.033,0.24744134,Světle modrá (Střední znečištění)
Okno na Kašperk,49.1714,13.5691,0.058482077,Tmavě modrá (Slabé znečištění)
Chacharova vyhlídka,49.8461,18.3007,2.1123068,Žlutá (Velmi silné znečištění)
Zvičina,50.4549,15.6942,0.1150854,Modrá (Mírné znečištění)
Vyhlídka Ovce,50.7196,15.4475,0.12245186,Modrá (Mírné znečištění)
Vyhlídka Horník,50.7193,15.4465,0.12245186,Modrá (Mírné znečištění)
Buková - viklan,50.7633,15.2434,0.2144763,Světle modrá (Střední znečištění)
Holubí skály,50.4417,12.8095,0.085598946,Modrá (Mírné znečištění)
Vyhlídka na Plzeň,49.7919,13.3442,0.625772,Tmavě zelená (Znečištěná)
Hadí skála,49.8773,14.4498,0.30693513,Světle modrá (Střední znečištění)
Vyhlídka Samuela Šroma,49.1623,17.624,0.23622537,Světle modrá (Střední znečištění)
Karvánka,49.9141,13.529,0.111202806,Modrá (Mírné znečištění)
Vřesník,49.5343,15.2497,0.10487852,Modrá (Mírné znečištění)
Vyhlídkové místo Kamínky,49.4813,16.512,0.14679009,Modrá (Mírné znečištění)
Masarykova vyhlídka,50.0352,13.923,0.15829338,Modrá (Mírné znečištění)
Drobošova vyhlídka,50.8062,14.6503,0.13781247,Modrá (Mírné znečištění)
Skála smrti,50.2552,17.0542,0.07453605,Tmavě modrá (Slabé znečištění)
skalní vyhlídka Pavučina,49.9309,13.5573,0.10647722,Modrá (Mírné znečištění)
Treppenstein,50.8598,14.3936,0.10520811,Modrá (Mírné znečištění)
Vyhlídka Na pilíři,49.7306,13.3821,2.0157077,Žlutá (Velmi silné znečištění)
"Varnsdorf, Tolštejn, Hrádek",50.9268,14.6316,0.32947886,Tmavě zelená (Znečištěná)
Mufloní vyhlídka,50.461,13.2765,0.17133752,Světle modrá (Střední znečištění)
Výhled na Teplické skalní město,50.5804,16.1139,0.10896185,Modrá (Mírné znečištění)
Vyhlídková plošina,49.8742,18.2594,1.4133196,Žlutá (Velmi silné znečištění)
Talblick,50.722,13.7769,0.18660063,Světle modrá (Střední znečištění)
Vyhlídka Bednář,49.8253,14.4501,0.19051243,Světle modrá (Střední znečištění)
Mohyla Karla Klostermanna,50.3722,12.8282,0.11438144,Modrá (Mírné znečištění)
Starosta a Starostová,50.6123,16.1132,0.10833636,Modrá (Mírné znečištění)
Nývltova vyhlídka,50.2173,15.9684,0.26925963,Světle modrá (Střední znečištění)
Zlatý kůň,49.9163,14.066,0.35721505,Tmavě zelená (Znečištěná)
vyhlídka Boženy Němcové,50.3416,15.9283,0.39022455,Tmavě zelená (Znečištěná)
Kuhberg -  Kraví Hora,48.634,14.3203,0.077221274,Tmavě modrá (Slabé znečištění)
Vyhlídka sv. Kryštofa,49.0804,17.8725,0.17629558,Světle modrá (Střední znečištění)
Sokolova vyhlídka,49.3889,12.8436,0.09989773,Modrá (Mírné znečištění)
Halířova skála,49.1862,16.0159,0.11701879,Modrá (Mírné znečištění)
Rossiho vyhlídka,49.5574,16.3111,0.09489253,Modrá (Mírné znečištění)
U Spáleného mostu,49.2759,15.7779,0.12106571,Modrá (Mírné znečištění)
Vyhlídka Karla Löwa,49.4067,15.62,0.5310576,Tmavě zelená (Znečištěná)
Vyhlídka Jaruš,50.907,15.2058,0.14403675,Modrá (Mírné znečištění)
Exilvorstand der deutschen Sozialdemokratie 1933 bis 1938,50.0919,14.4492,4.369525,Oranžová (Extrémní znečištění)
Ve smrčí,49.1663,14.5544,0.12275196,Modrá (Mírné znečištění)
Vyhlídka Vladimíra Horáka,50.6988,14.0625,0.4234124,Tmavě zelená (Znečištěná)
Vyhlídka Na Hřebeni,50.701,14.0302,0.52203244,Tmavě zelená (Znečištěná)
Vyhlídka na Jiráskově stezce,50.2069,15.2833,0.22189736,Světle modrá (Střední znečištění)
Vyhlídka Triangl,50.9115,15.1986,0.14790775,Modrá (Mírné znečištění)
Dědova vyhlídka,50.2126,14.8541,0.36507726,Tmavě zelená (Znečištěná)
Koňská hlava,50.8,14.1209,0.19782174,Světle modrá (Střední znečištění)
vyhlídka Vejdoch,49.5361,16.0127,0.12570181,Modrá (Mírné znečištění)
Skautská vyhlídka,50.4706,15.2894,0.14626269,Modrá (Mírné znečištění)
Králův stolec,50.5667,14.6862,0.1413446,Modrá (Mírné znečištění)
Vyhlídka na vodní nádrž Plumlov,49.468,17.0403,0.29168543,Světle modrá (Střední znečištění)
Mílova vyhlídka,50.529,14.0236,0.31288126,Světle modrá (Střední znečištění)
Vyhlídka zamilovaných,48.8952,15.8189,0.06447112,Tmavě modrá (Slabé znečištění)
Čtyři douglasky,49.3548,16.6823,0.34013876,Tmavě zelená (Znečištěná)
Dvořákova vyhlídka,49.1718,16.0462,0.120078556,Modrá (Mírné znečištění)
Rufusova vyhlídka,50.5666,14.6846,0.1413446,Modrá (Mírné znečištění)
Hradisko,49.2465,16.6753,0.5765784,Tmavě zelená (Znečištěná)
Vyhlídka v Holubu,49.274,13.4353,0.07601923,Tmavě modrá (Slabé znečištění)
Vyhlídka na Kalvárii,49.2713,13.431,0.073529705,Tmavě modrá (Slabé znečištění)
Vyhlídka na Plášti,49.26,13.4388,0.07160644,Tmavě modrá (Slabé znečištění)
výhled na Helfenburk,50.5815,14.3819,0.1278972,Modrá (Mírné znečištění)
Výhled na Chudobínskou borovici,49.5695,16.2801,0.09164426,Modrá (Mírné znečištění)
Panoráma Jeseníků,49.657,17.0388,0.2523013,Světle modrá (Střední znečištění)
Komárova vyhlídka,49.639,13.3753,0.25806284,Světle modrá (Střední znečištění)
Vyhlídka na řeku Berounku,49.7696,13.4198,1.0239049,Zelená (Silné znečištění)
Vyhlídka pod Bukovou horou,49.5288,13.5499,0.09824882,Modrá (Mírné znečištění)
Vyhlídka U jelena,49.6215,17.6207,0.1308652,Modrá (Mírné znečištění)
Výhled na Kamenec,49.8825,13.5974,0.11216229,Modrá (Mírné znečištění)
Laďova vyhlídka,50.2094,17.0299,0.07203388,Tmavě modrá (Slabé znečištění)
Planýrka,49.2168,16.612,2.429207,Žlutá (Velmi silné znečištění)
Vyhlídka TGM,49.5173,16.5119,0.1702492,Světle modrá (Střední znečištění)
Vyhlídka Barborka,49.2665,17.8286,0.17415336,Světle modrá (Střední znečištění)
Všekarská vyhlídka,49.6079,13.0447,0.111155935,Modrá (Mírné znečištění)
Vyhlídka Jaroslava Kuby,50.4933,15.2573,0.15265316,Modrá (Mírné znečištění)
Maxova bouda,50.6612,15.8494,0.12134278,Modrá (Mírné znečištění)
Louka nad Husovou,49.2497,16.6627,0.68934345,Zelená (Silné znečištění)
Chalupníkova lavička,49.559,16.3272,0.09268056,Modrá (Mírné znečištění)
Orlí skála,49.7232,17.7316,0.12130529,Modrá (Mírné znečištění)
Vyhlídka Šibeňák,50.646,15.2591,0.301392,Světle modrá (Střední znečištění)
Horka,48.9367,15.7178,0.043065853,Tmavě modrá (Slabé znečištění)
Výří skála,48.9354,15.7082,0.042777568,Tmavě modrá (Slabé znečištění)
vyhlídka Miloše Formana,50.5871,14.637,0.1720835,Světle modrá (Střední znečištění)
Urbanečský vrch,49.0426,15.4171,0.07376274,Tmavě modrá (Slabé znečištění)
Šelenburk,50.0689,17.7277,0.24100108,Světle modrá (Střední znečištění)
Vyhlídka na Červenou Vodu,50.0457,16.7526,0.09746285,Modrá (Mírné znečištění)
Vyhlídka Fénix,50.8742,14.2861,0.116368234,Modrá (Mírné znečištění)
Vyhlídka Pohoří,49.3503,13.1488,0.095911555,Modrá (Mírné znečištění)
Oskarova vyhlídka,49.9689,13.7812,0.08444287,Modrá (Mírné znečištění)
Na Floriánu,49.8496,13.6076,0.1528354,Modrá (Mírné znečištění)
Vyhlídka na Janečku,50.6304,15.3173,0.17584063,Světle modrá (Střední znečištění)
Skála Rozloučení,50.042,14.4129,3.273671,Oranžová (Extrémní znečištění)
LOVEčka,49.6174,18.1881,0.39803326,Tmavě zelená (Znečištěná)
Alžbětina vyhlídka,50.4537,15.7072,0.11700065,Modrá (Mírné znečištění)
Okklania,50.2797,16.4699,0.08058768,Modrá (Mírné znečištění)
vyhlídka Cyrila Boudy,50.4896,15.4864,0.16395906,Světle modrá (Střední znečištění)
Vyhlídka na Šmahlířce,49.3814,15.3565,0.08880487,Modrá (Mírné znečištění)
Amorova vyhlídka,49.3552,16.3492,0.15201971,Modrá (Mírné znečištění)
Vyhlídka na střeše Krajského úřadu,50.7632,15.0535,1.5669394,Žlutá (Velmi silné znečištění)
Návarovská vyhlídka,50.6782,15.3167,0.16407102,Světle modrá (Střední znečištění)
Na Poledník,49.0525,13.4448,0.031464107,Šedá (Téměř přirozená)
Výšina sv. Metoděje,49.059,17.4703,0.7675965,Zelená (Silné znečištění)
Matějčkova vyhlídka,48.7403,14.422,0.08877469,Modrá (Mírné znečištění)
Pětikostelní kámen,50.8424,14.603,0.123826206,Modrá (Mírné znečištění)
45-135,50.7339,14.2437,0.23341799,Světle modrá (Střední znečištění)
Bílá skála,49.5773,13.8434,0.077105284,Tmavě modrá (Slabé znečištění)
U Drtiče,49.5747,13.8441,0.077105284,Tmavě modrá (Slabé znečištění)
Vyhlídka na Baštu,49.4815,16.6615,0.3255695,Tmavě zelená (Znečištěná)
vyhlídka,49.2251,15.8378,0.26816761,Světle modrá (Střední znečištění)
Jelení kámen,50.839,14.5866,0.122521,Modrá (Mírné znečištění)
Modulární Vyhlídka,50.0672,14.4054,4.0587354,Oranžová (Extrémní znečištění)
Vyhlídka Antonína Bárty,49.5255,13.6653,0.07931285,Tmavě modrá (Slabé znečištění)
Jižní vyhlídka,49.8582,13.7612,0.18250494,Světle modrá (Střední znečištění)
hledisko,50.6545,15.7473,0.109385684,Modrá (Mírné znečištění)
hledisko,50.6556,15.7456,0.109385684,Modrá (Mírné znečištění)
Výhled na Vlašim,49.725,14.8453,0.12403394,Modrá (Mírné znečištění)
Kozí hrádek,48.8095,16.6381,0.5108161,Tmavě zelená (Znečištěná)
Pražská brána,50.3515,14.476,0.8227686,Zelená (Silné znečištění)
Cyrilka,49.4849,18.2612,0.13134451,Modrá (Mírné znečištění)
Vyhlídka u hrušky,49.2334,17.9152,0.11643445,Modrá (Mírné znečištění)
Vyhlídka královny Karoly,49.9785,12.6987,0.4087824,Tmavě zelená (Znečištěná)
Pozorovací lávka u Lučních rybníků,50.2138,12.8542,0.42504272,Tmavě zelená (Znečištěná)
Kaple Nejsvětější Trojice,49.9156,18.2691,0.64482236,Zelená (Silné znečištění)
Pozorovatelna Durch,49.1467,18.0791,0.10370002,Modrá (Mírné znečištění)
Podhledna Svinná,49.8941,16.3889,0.18490723,Světle modrá (Střední znečištění)
gloriet Klobouk,49.4083,12.9934,0.13898185,Modrá (Mírné znečištění)
Přístřešek s ochozem Zamčiska,49.6111,18.7373,0.23449567,Světle modrá (Střední znečištění)
Ptačí pozorovatelna Girov,49.606,18.737,0.23449567,Světle modrá (Střední znečištění)
